"protocol","port","description"
"UDP",0,"Reserved"
"UDP",1,"Port Service Multiplexer"
"UDP",2,"Management Utility"
"UDP",3,"Compression Process"
"UDP",4,"Unassigned"
"UDP",5,"Remote Job Entry"
"UDP",6,"Unassigned"
"UDP",7,"Echo"
"UDP",8,"Unassigned"
"UDP",9,"Discard"
"UDP",10,"Unassigned"
"UDP",11,"Active Users"
"UDP",12,"Unassigned"
"UDP",13,"Daytime"
"UDP",14,"Unassigned"
"UDP",15,"Unassigned"
"UDP",16,"Unassigned"
"UDP",17,"Quote of the Day"
"UDP",18,"Message Send Protocol"
"UDP",19,"Character Generator"
"UDP",20,"File Transfer [Default Data]"
"UDP",21,"File Transfer [Control]"
"UDP",22,"SSH Remote Login Protocol"
"UDP",23,"Telnet"
"UDP",24,"any private mail system"
"UDP",25,"Simple Mail Transfer"
"UDP",26,"Unassigned"
"UDP",27,"NSW User System FE"
"UDP",28,"Unassigned"
"UDP",29,"MSG ICP"
"UDP",30,"Unassigned"
"UDP",31,"MSG Authentication"
"UDP",32,"Unassigned"
"UDP",33,"Display Support Protocol"
"UDP",34,"Unassigned"
"UDP",35,"any private printer server"
"UDP",36,"Unassigned"
"UDP",37,"Time"
"UDP",38,"Route Access Protocol"
"UDP",39,"Resource Location Protocol"
"UDP",40,"Unassigned"
"UDP",41,"Graphics"
"UDP",42,"Host Name Server"
"UDP",43,"Who Is"
"UDP",44,"MPM FLAGS Protocol"
"UDP",45,"Message Processing Module [recv]"
"UDP",46,"MPM [default send]"
"UDP",47,"NI FTP"
"UDP",48,"Digital Audit Daemon"
"UDP",49,"Login Host Protocol (TACACS)"
"UDP",50,"Remote Mail Checking Protocol"
"UDP",51,"IMP Logical Address Maintenance"
"UDP",52,"XNS Time Protocol"
"UDP",53,"Domain Name Server"
"UDP",54,"XNS Clearinghouse"
"UDP",55,"ISI Graphics Language"
"UDP",56,"XNS Authentication"
"UDP",57,"any private terminal access"
"UDP",58,"XNS Mail"
"UDP",59,"any private file service"
"UDP",60,"Unassigned"
"UDP",61,"NI MAIL"
"UDP",62,"ACA Services"
"UDP",63,"whois++"
"UDP",64,"Communications Integrator (CI)"
"UDP",65,"TACACS-Database Service"
"UDP",66,"Oracle SQL*NET"
"UDP",67,"Bootstrap Protocol Server"
"UDP",68,"Bootstrap Protocol Client"
"UDP",69,"Trivial File Transfer"
"UDP",70,"Gopher"
"UDP",71,"Remote Job Service"
"UDP",72,"Remote Job Service"
"UDP",73,"Remote Job Service"
"UDP",74,"Remote Job Service"
"UDP",75,"any private dial out service"
"UDP",76,"Distributed External Object Store"
"UDP",77,"any private RJE service"
"UDP",78,"vettcp"
"UDP",79,"Finger"
"UDP",80,"World Wide Web HTTP"
"UDP",81,"HOSTS2 Name Server"
"UDP",82,"XFER Utility"
"UDP",83,"MIT ML Device"
"UDP",84,"Common Trace Facility"
"UDP",85,"MIT ML Device"
"UDP",86,"Micro Focus Cobol"
"UDP",87,"any private terminal link"
"UDP",88,"Kerberos"
"UDP",89,"SU/MIT Telnet Gateway"
"UDP",90,"DNSIX Securit Attribute Token Map"
"UDP",91,"MIT Dover Spooler"
"UDP",92,"Network Printing Protocol"
"UDP",93,"Device Control Protocol"
"UDP",94,"Tivoli Object Dispatcher"
"UDP",95,"SUPDUP"
"UDP",96,"DIXIE Protocol Specification"
"UDP",97,"Swift Remote Virtural File Protocol"
"UDP",98,"TAC News"
"UDP",99,"Metagram Relay"
"UDP",101,"NIC Host Name Server"
"UDP",102,"ISO-TSAP Class 0"
"UDP",103,"Genesis Point-to-Point Trans Net"
"UDP",104,"ACR-NEMA Digital Imag. & Comm. 300"
"UDP",105,"Mailbox Name Nameserver"
"UDP",106,"3COM-TSMUX"
"UDP",107,"Remote Telnet Service"
"UDP",108,"SNA Gateway Access Server"
"UDP",109,"Post Office Protocol - Version 2"
"UDP",110,"Post Office Protocol - Version 3"
"UDP",111,"SUN Remote Procedure Call"
"UDP",112,"McIDAS Data Transmission Protocol"
"UDP",113,"Authentication Service"
"UDP",114,"Audio News Multicast"
"UDP",115,"Simple File Transfer Protocol"
"UDP",116,"ANSA REX Notify"
"UDP",117,"UUCP Path Service"
"UDP",118,"SQL Services"
"UDP",119,"Network News Transfer Protocol"
"UDP",120,"CFDPTKT"
"UDP",121,"Encore Expedited Remote Pro.Call"
"UDP",122,"SMAKYNET"
"UDP",123,"Network Time Protocol"
"UDP",124,"ANSA REX Trader"
"UDP",125,"Locus PC-Interface Net Map Ser"
"UDP",126,"Unisys Unitary Login"
"UDP",127,"Locus PC-Interface Conn Server"
"UDP",128,"GSS X License Verification"
"UDP",129,"Password Generator Protocol"
"UDP",130,"cisco FNATIVE"
"UDP",131,"cisco TNATIVE"
"UDP",132,"cisco SYSMAINT"
"UDP",133,"Statistics Service"
"UDP",134,"INGRES-NET Service"
"UDP",135,"DCE endpoint resolution"
"UDP",136,"PROFILE Naming System"
"UDP",137,"NETBIOS Name Service"
"UDP",138,"NETBIOS Datagram Service"
"UDP",139,"NETBIOS Session Service"
"UDP",140,"EMFIS Data Service"
"UDP",141,"EMFIS Control Service"
"UDP",142,"Britton-Lee IDM"
"UDP",143,"Internet Message Access Protocol"
"UDP",144,"Universal Management Architecture"
"UDP",145,"UAAC Protocol"
"UDP",146,"ISO-IP0"
"UDP",147,"ISO-IP"
"UDP",148,"Jargon"
"UDP",149,"AED 512 Emulation Service"
"UDP",150,"SQL-NET"
"UDP",151,"HEMS"
"UDP",152,"Background File Transfer Program"
"UDP",153,"SGMP"
"UDP",154,"NETSC"
"UDP",155,"NETSC"
"UDP",156,"SQL Service"
"UDP",157,"KNET/VM Command/Message Protocol"
"UDP",158,"PCMail Server"
"UDP",159,"NSS-Routing"
"UDP",160,"SGMP-TRAPS"
"UDP",161,"SNMP"
"UDP",162,"SNMPTRAP"
"UDP",163,"CMIP/TCP Manager"
"UDP",164,"CMIP/TCP Agent"
"UDP",165,"Xerox"
"UDP",166,"Sirius Systems"
"UDP",167,"NAMP"
"UDP",168,"RSVD"
"UDP",169,"SEND"
"UDP",170,"Network PostScript"
"UDP",171,"Network Innovations Multiplex"
"UDP",172,"Network Innovations CL/1"
"UDP",173,"Xyplex"
"UDP",174,"MAILQ"
"UDP",175,"VMNET"
"UDP",176,"GENRAD-MUX"
"UDP",177,"X Display Manager Control Protocol"
"UDP",178,"NextStep Window Server"
"UDP",179,"Border Gateway Protocol"
"UDP",180,"Intergraph"
"UDP",181,"Unify"
"UDP",182,"Unisys Audit SITP"
"UDP",183,"OCBinder"
"UDP",184,"OCServer"
"UDP",185,"Remote-KIS"
"UDP",186,"KIS Protocol"
"UDP",187,"Application Communication Interface"
"UDP",188,"Plus Five's MUMPS"
"UDP",189,"Queued File Transport"
"UDP",190,"Gateway Access Control Protocol"
"UDP",191,"Prospero Directory Service"
"UDP",192,"OSU Network Monitoring System"
"UDP",193,"Spider Remote Monitoring Protocol"
"UDP",194,"Internet Relay Chat Protocol"
"UDP",195,"DNSIX Network Level Module Audit"
"UDP",196,"DNSIX Session Mgt Module Audit Redir"
"UDP",197,"Directory Location Service"
"UDP",198,"Directory Location Service Monitor"
"UDP",199,"SMUX"
"UDP",200,"IBM System Resource Controller"
"UDP",201,"AppleTalk Routing Maintenance"
"UDP",202,"AppleTalk Name Binding"
"UDP",203,"AppleTalk Unused"
"UDP",204,"AppleTalk Echo"
"UDP",205,"AppleTalk Unused"
"UDP",206,"AppleTalk Zone Information"
"UDP",207,"AppleTalk Unused"
"UDP",208,"AppleTalk Unused"
"UDP",209,"The Quick Mail Transfer Protocol"
"UDP",210,"ANSI Z39.50"
"UDP",211,"Texas Instruments 914C/G Terminal"
"UDP",212,"ATEXSSTR"
"UDP",213,"IPX"
"UDP",214,"VM PWSCS"
"UDP",215,"Insignia Solutions"
"UDP",216,"Computer Associates Int'l License Server"
"UDP",217,"dBASE Unix"
"UDP",218,"Netix Message Posting Protocol"
"UDP",219,"Unisys ARPs"
"UDP",220,"Interactive Mail Access Protocol v3"
"UDP",221,"Berkeley rlogind with SPX auth"
"UDP",222,"Berkeley rshd with SPX auth"
"UDP",223,"Certificate Distribution Center"
"UDP",224,"masqdialer"
"UDP",242,"Direct"
"UDP",243,"Survey Measurement"
"UDP",244,"inbusiness"
"UDP",245,"LINK"
"UDP",246,"Display Systems Protocol"
"UDP",247,"SUBNTBCST_TFTP"
"UDP",248,"bhfhs"
"UDP",256,"RAP"
"UDP",257,"Secure Electronic Transaction"
"UDP",258,"Yak Winsock Personal Chat"
"UDP",259,"Efficient Short Remote Operations"
"UDP",260,"Openport"
"UDP",261,"IIOP Name Service over TLS/SSL"
"UDP",262,"Arcisdms"
"UDP",263,"HDAP"
"UDP",264,"BGMP"
"UDP",265,"X-Bone CTL"
"UDP",266,"SCSI on ST"
"UDP",267,"Tobit David Service Layer"
"UDP",268,"Tobit David Replica"
"UDP",280,"HTTP-mgmt"
"UDP",281,"Personal Link"
"UDP",282,"Cable Port A/X"
"UDP",283,"rescap"
"UDP",284,"corerjd"
"UDP",286,"FXP-1"
"UDP",287,"K-BLOCK"
"UDP",308,"Novastor Backup"
"UDP",309,"EntrustTime"
"UDP",310,"bhmds"
"UDP",311,"AppleShare IP WebAdmin"
"UDP",312,"VSLMP"
"UDP",313,"Magenta Logic"
"UDP",314,"Opalis Robot"
"UDP",315,"DPSI"
"UDP",316,"decAuth"
"UDP",317,"Zannet"
"UDP",318,"PKIX TimeStamp"
"UDP",319,"PTP Event"
"UDP",320,"PTP General"
"UDP",321,"PIP"
"UDP",322,"RTSPS"
"UDP",333,"Texar Security Port"
"UDP",344,"Prospero Data Access Protocol"
"UDP",345,"Perf Analysis Workbench"
"UDP",346,"Zebra server"
"UDP",347,"Fatmen Server"
"UDP",348,"Cabletron Management Protocol"
"UDP",349,"mftp"
"UDP",350,"MATIP Type A"
"UDP",351,"bhoetty"
"UDP",352,"bhoedap4"
"UDP",353,"NDSAUTH"
"UDP",354,"bh611"
"UDP",355,"DATEX-ASN"
"UDP",356,"Cloanto Net 1"
"UDP",357,"bhevent"
"UDP",358,"Shrinkwrap"
"UDP",359,"Tenebris Network Trace Service"
"UDP",360,"scoi2odialog"
"UDP",361,"Semantix"
"UDP",362,"SRS Send"
"UDP",363,"RSVP Tunnel"
"UDP",364,"Aurora CMGR"
"UDP",365,"DTK"
"UDP",366,"ODMR"
"UDP",367,"MortgageWare"
"UDP",368,"QbikGDP"
"UDP",369,"rpc2portmap"
"UDP",370,"codaauth2"
"UDP",371,"Clearcase"
"UDP",372,"ListProcessor"
"UDP",373,"Legent Corporation"
"UDP",374,"Legent Corporation"
"UDP",375,"Hassle"
"UDP",376,"Amiga Envoy Network Inquiry Proto"
"UDP",377,"NEC Corporation"
"UDP",378,"NEC Corporation"
"UDP",379,"TIA/EIA/IS-99 modem client"
"UDP",380,"TIA/EIA/IS-99 modem server"
"UDP",381,"hp performance data collector"
"UDP",382,"hp performance data managed node"
"UDP",383,"hp performance data alarm manager"
"UDP",384,"A Remote Network Server System"
"UDP",385,"IBM Application"
"UDP",386,"ASA Message Router Object Def."
"UDP",387,"Appletalk Update-Based Routing Pro."
"UDP",388,"Unidata LDM"
"UDP",389,"Lightweight Directory Access Protocol"
"UDP",390,"UIS"
"UDP",391,"SynOptics SNMP Relay Port"
"UDP",392,"SynOptics Port Broker Port"
"UDP",393,"Data Interpretation System"
"UDP",394,"EMBL Nucleic Data Transfer"
"UDP",395,"NETscout Control Protocol"
"UDP",396,"Novell Netware over IP"
"UDP",397,"Multi Protocol Trans. Net."
"UDP",398,"Kryptolan"
"UDP",399,"ISO Transport Class 2 Non-Control over TCP"
"UDP",400,"Workstation Solutions"
"UDP",401,"Uninterruptible Power Supply"
"UDP",402,"Genie Protocol"
"UDP",403,"decap"
"UDP",404,"nced"
"UDP",405,"ncld"
"UDP",406,"Interactive Mail Support Protocol"
"UDP",407,"Timbuktu"
"UDP",408,"Prospero Resource Manager Sys. Man."
"UDP",409,"Prospero Resource Manager Node Man."
"UDP",410,"DECLadebug Remote Debug Protocol"
"UDP",411,"Remote MT Protocol"
"UDP",412,"Trap Convention Port"
"UDP",413,"SMSP"
"UDP",414,"InfoSeek"
"UDP",415,"BNet"
"UDP",416,"Silverplatter"
"UDP",417,"Onmux"
"UDP",418,"Hyper-G"
"UDP",419,"Ariel"
"UDP",420,"SMPTE"
"UDP",421,"Ariel"
"UDP",422,"Ariel"
"UDP",423,"IBM Operations Planning and Control Start"
"UDP",424,"IBM Operations Planning and Control Track"
"UDP",425,"ICAD"
"UDP",426,"smartsdp"
"UDP",427,"Server Location"
"UDP",428,"OCS_CMU"
"UDP",429,"OCS_AMU"
"UDP",430,"UTMPSD"
"UDP",431,"UTMPCD"
"UDP",432,"IASD"
"UDP",433,"NNSP"
"UDP",434,"MobileIP-Agent"
"UDP",435,"MobilIP-MN"
"UDP",436,"DNA-CML"
"UDP",437,"comscm"
"UDP",438,"dsfgw"
"UDP",439,"dasp"
"UDP",440,"sgcp"
"UDP",441,"decvms-sysmgt"
"UDP",442,"cvc_hostd"
"UDP",443,"HTTP protocol over TLS/SSL"
"UDP",444,"Simple Network Paging Protocol"
"UDP",445,"Microsoft-DS"
"UDP",446,"DDM-RDB"
"UDP",447,"DDM-RFM"
"UDP",448,"DDM-SSL"
"UDP",449,"AS Server Mapper"
"UDP",450,"TServer"
"UDP",451,"Cray Network Semaphore server"
"UDP",452,"Cray SFS config server"
"UDP",453,"CreativeServer"
"UDP",454,"ContentServer"
"UDP",455,"CreativePartnr"
"UDP",456,"macon-udp"
"UDP",457,"scohelp"
"UDP",458,"apple quick time"
"UDP",459,"ampr-rcmd"
"UDP",460,"skronk"
"UDP",461,"DataRampSrv"
"UDP",462,"DataRampSrvSec"
"UDP",463,"alpes"
"UDP",464,"kpasswd"
"UDP",465,"SMTP protocol over TLS/SSL"
"UDP",466,"digital-vrc"
"UDP",467,"mylex-mapd"
"UDP",468,"proturis"
"UDP",469,"Radio Control Protocol"
"UDP",470,"scx-proxy"
"UDP",471,"Mondex"
"UDP",472,"ljk-login"
"UDP",473,"hybrid-pop"
"UDP",474,"tn-tl-w2"
"UDP",475,"tcpnethaspsrv"
"UDP",476,"tn-tl-fd1"
"UDP",477,"ss7ns"
"UDP",478,"spsc"
"UDP",479,"iafserver"
"UDP",480,"iafdbase"
"UDP",481,"Ph service"
"UDP",482,"bgs-nsi"
"UDP",483,"ulpnet"
"UDP",484,"Integra Software Management Environment"
"UDP",485,"Air Soft Power Burst"
"UDP",486,"avian"
"UDP",487,"saft Simple Asynchronous File Transfer"
"UDP",488,"gss-HTTP"
"UDP",489,"nest-protocol"
"UDP",490,"micom-pfs"
"UDP",491,"go-login"
"UDP",492,"Transport Independent Convergence for FNA"
"UDP",493,"Transport Independent Convergence for FNA"
"UDP",494,"POV-Ray"
"UDP",495,"intecourier"
"UDP",496,"PIM-RP-DISC"
"UDP",497,"dantz"
"UDP",498,"siam"
"UDP",499,"ISO ILL Protocol"
"UDP",500,"ISAKMP"
"UDP",501,"STMF"
"UDP",502,"asa-appl-proto"
"UDP",503,"Intrinsa"
"UDP",504,"citadel"
"UDP",505,"mailbox-lm"
"UDP",506,"ohimsrv"
"UDP",507,"crs"
"UDP",508,"xvttp"
"UDP",509,"snare"
"UDP",510,"FirstClass Protocol"
"UDP",511,"PassGo"
"UDP",512,"used by mail system to notify users"
"UDP",513,"maintains data bases showing who's"
"UDP",514,"BSD syslogd"
"UDP",515,"spooler"
"UDP",516,"videotex"
"UDP",517,"like tenex link but across"
"UDP",518,"talkd"
"UDP",519,"unixtime"
"UDP",520,"Routing Information Protocol"
"UDP",521,"ripng"
"UDP",522,"ULP"
"UDP",523,"IBM-DB2"
"UDP",524,"NCP"
"UDP",525,"timeserver"
"UDP",526,"newdate"
"UDP",527,"Stock IXChange"
"UDP",528,"Customer IXChange"
"UDP",529,"IRC-SERV"
"UDP",530,"rpc"
"UDP",531,"chat"
"UDP",532,"readnews"
"UDP",533,"for emergency broadcasts"
"UDP",534,"MegaMedia Admin"
"UDP",535,"iiop"
"UDP",536,"opalis-rdv"
"UDP",537,"Networked Media Streaming Protocol"
"UDP",538,"gdomap"
"UDP",539,"Apertus Technologies Load Determination"
"UDP",540,"uucpd"
"UDP",541,"uucp-rlogin"
"UDP",542,"commerce"
"UDP",543,"kerberos (v4/v5)"
"UDP",544,"krcmd"
"UDP",545,"appleqtcsrvr"
"UDP",546,"DHCPv6 Client"
"UDP",547,"DHCPv6 Server"
"UDP",548,"AFP over TCP"
"UDP",549,"IDFP"
"UDP",550,"new-who"
"UDP",551,"cybercash"
"UDP",552,"deviceshare"
"UDP",553,"pirp"
"UDP",554,"Real Time Stream Control Protocol"
"UDP",555,"phAse Zero backdoor (Windows) / dsf"
"UDP",556,"rfs server"
"UDP",557,"openvms-sysipc"
"UDP",558,"SDNSKMP"
"UDP",559,"TEEDTAP"
"UDP",560,"rmonitord"
"UDP",561,"monitor"
"UDP",562,"chcmd"
"UDP",563,"NNTP protocol over TLS/SSL"
"UDP",564,"plan 9 file service"
"UDP",565,"whoami"
"UDP",566,"streettalk"
"UDP",567,"banyan-rpc"
"UDP",568,"microsoft shuttle"
"UDP",569,"microsoft rome"
"UDP",570,"demon"
"UDP",571,"udemon"
"UDP",572,"sonar"
"UDP",573,"banyan-vip"
"UDP",574,"FTP Software Agent System"
"UDP",575,"VEMMI"
"UDP",576,"ipcd"
"UDP",577,"vnas"
"UDP",578,"ipdd"
"UDP",579,"decbsrv"
"UDP",580,"SNTP HEARTBEAT"
"UDP",581,"Bundle Discovery Protocol"
"UDP",582,"SCC Security"
"UDP",583,"Philips Video-Conferencing"
"UDP",584,"Key Server"
"UDP",585,"IMAP4+SSL"
"UDP",586,"Password Change"
"UDP",587,"Submission"
"UDP",588,"CAL"
"UDP",589,"EyeLink"
"UDP",590,"TNS CML"
"UDP",591,"FileMaker Inc. - HTTP Alternate"
"UDP",592,"Eudora Set"
"UDP",593,"HTTP RPC Ep Map"
"UDP",594,"TPIP"
"UDP",595,"CAB Protocol"
"UDP",596,"SMSD"
"UDP",597,"PTC Name Service"
"UDP",598,"SCO Web Server Manager 3"
"UDP",599,"Aeolon Core Protocol"
"UDP",600,"Sun IPC server"
"UDP",606,"Cray Unified Resource Manager"
"UDP",607,"nqs"
"UDP",608,"Sender-Initiated/Unsolicited File Transfer"
"UDP",609,"npmp-trap"
"UDP",610,"npmp-local"
"UDP",611,"npmp-gui"
"UDP",612,"HMMP Indication"
"UDP",613,"HMMP Operation"
"UDP",614,"SSLshell"
"UDP",615,"Internet Configuration Manager"
"UDP",616,"SCO System Administration Server"
"UDP",617,"SCO Desktop Administration Server"
"UDP",618,"DEI-ICDA"
"UDP",619,"Digital EVM"
"UDP",620,"SCO WebServer Manager"
"UDP",621,"ESCP"
"UDP",622,"Collaborator"
"UDP",623,"Aux Bus Shunt"
"UDP",624,"Crypto Admin"
"UDP",625,"DEC DLM"
"UDP",626,"ASIA"
"UDP",627,"PassGo Tivoli"
"UDP",628,"QMQP"
"UDP",629,"3Com AMP3"
"UDP",630,"RDA"
"UDP",631,"IPP (Internet Printing Protocol)"
"UDP",632,"bmpp"
"UDP",633,"Service Status update (Sterling Software)"
"UDP",634,"ginad"
"UDP",635,"RLZ DBase"
"UDP",636,"LDAP protocol over TLS/SSL"
"UDP",637,"lanserver"
"UDP",638,"mcns-sec"
"UDP",639,"MSDP"
"UDP",640,"entrust-sps"
"UDP",641,"repcmd"
"UDP",642,"ESRO-EMSDP V1.3"
"UDP",643,"SANity"
"UDP",644,"dwr"
"UDP",645,"PSSC"
"UDP",646,"LDP"
"UDP",647,"DHCP Failover"
"UDP",648,"Registry Registrar Protocol (RRP)"
"UDP",649,"Aminet"
"UDP",650,"OBEX"
"UDP",651,"IEEE MMS"
"UDP",652,"UDLR_DTCP"
"UDP",653,"RepCmd"
"UDP",654,"AODV"
"UDP",655,"TINC"
"UDP",656,"SPMP"
"UDP",657,"RMC"
"UDP",658,"TenFold"
"UDP",659,"URL Rendezvous"
"UDP",660,"MacOS Server Admin"
"UDP",661,"HAP"
"UDP",662,"PFTP"
"UDP",663,"PureNoise"
"UDP",664,"Secure Aux Bus"
"UDP",665,"Sun DR"
"UDP",666,"doom Id Software"
"UDP",667,"campaign contribution disclosures - SDR Technologies"
"UDP",668,"MeComm"
"UDP",669,"MeRegister"
"UDP",670,"VACDSM-SWS"
"UDP",671,"VACDSM-APP"
"UDP",672,"VPPS-QUA"
"UDP",673,"CIMPLEX"
"UDP",674,"ACAP"
"UDP",675,"DCTP"
"UDP",676,"VPPS Via"
"UDP",677,"Virtual Presence Protocol"
"UDP",678,"GNU Generation Foundation NCP"
"UDP",679,"MRM"
"UDP",680,"entrust-aaas"
"UDP",681,"entrust-aams"
"UDP",682,"XFR"
"UDP",683,"CORBA IIOP"
"UDP",684,"CORBA IIOP SSL"
"UDP",685,"MDC Port Mapper"
"UDP",686,"Hardware Control Protocol Wismar"
"UDP",687,"asipregistry"
"UDP",688,"REALM-RUSD"
"UDP",689,"NMAP"
"UDP",690,"VATP"
"UDP",691,"MS Exchange Routing"
"UDP",692,"Hyperwave-ISP"
"UDP",693,"connendp"
"UDP",694,"ha-cluster"
"UDP",695,"IEEE-MMS-SSL"
"UDP",696,"RUSHD"
"UDP",697,"UUIDGEN"
"UDP",698,"OLSR"
"UDP",704,"errlog copy/server daemon"
"UDP",705,"AgentX"
"UDP",706,"SILC"
"UDP",707,"Borland DSJ"
"UDP",709,"Entrust Key Management Service Handler"
"UDP",710,"Entrust Administration Service Handler"
"UDP",711,"Cisco TDP"
"UDP",729,"IBM NetView DM/6000 Server/Client"
"UDP",730,"IBM NetView DM/6000 send/tcp"
"UDP",731,"IBM NetView DM/6000 receive/tcp"
"UDP",740,"(old) NETscout Control Protocol (old)"
"UDP",741,"netGW"
"UDP",742,"Network based Rev. Cont. Sys."
"UDP",744,"Flexible License Manager"
"UDP",747,"Fujitsu Device Control"
"UDP",748,"Russell Info Sci Calendar Manager"
"UDP",749,"kerberos administration"
"UDP",750,"kerberos version iv"
"UDP",751,"pump"
"UDP",752,"Kerberos password server"
"UDP",753,"Kerberos userreg server"
"UDP",754,"send"
"UDP",758,"nlogin"
"UDP",759,"con"
"UDP",760,"ns"
"UDP",761,"rxe"
"UDP",762,"quotad"
"UDP",763,"cycleserv"
"UDP",764,"omserv"
"UDP",765,"webster"
"UDP",767,"phone"
"UDP",769,"vid"
"UDP",770,"cadlock"
"UDP",771,"rtip"
"UDP",772,"cycleserv2"
"UDP",773,"notify"
"UDP",774,"acmaint_dbd"
"UDP",775,"acmaint_transd"
"UDP",776,"wpages"
"UDP",777,"Multiling HTTP"
"UDP",780,"wpgs"
"UDP",781,"HP performance data collector"
"UDP",782,"node HP performance data managed node"
"UDP",783,"HP performance data alarm manager"
"UDP",786,"Concert"
"UDP",787,"QSC"
"UDP",800,"mdbs_daemon"
"UDP",801,"device"
"UDP",810,"FCP Datagram"
"UDP",828,"itm-mcell-s"
"UDP",829,"PKIX-3 CA/RA"
"UDP",873,"rsync"
"UDP",886,"ICL coNETion locate server"
"UDP",887,"ICL coNETion server info"
"UDP",888,"AccessBuilder"
"UDP",900,"OMG Initial Refs"
"UDP",901,"SMPNAMERES"
"UDP",902,"IDEAFARM-CHAT"
"UDP",903,"IDEAFARM-CATCH"
"UDP",911,"xact-backup"
"UDP",989,"FTP protocol data over TLS/SSL"
"UDP",990,"FTP protocol control over TLS/SSL"
"UDP",991,"Netnews Administration System"
"UDP",992,"Telnet protocol over TLS/SSL"
"UDP",993,"IMAP4 protocol over TLS/SSL"
"UDP",994,"IRC protocol over TLS/SSL"
"UDP",995,"POP3 protocol over TLS/SSL / W32/Sobig virus"
"UDP",996,"vsinet / W32/Sobig virus"
"UDP",997,"maitrd / W32/Sobig virus"
"UDP",998,"puparp / W32/Sobig virus"
"UDP",999,"Applix ac / W32/Sobig virus"
"UDP",1000,"ock"
"UDP",1008,"Solaris"
"UDP",1010,"surf"
"UDP",1012,"This is rstatd on a openBSD box"
"UDP",1023,"Reserved"
"UDP",1024,"Reserved"
"UDP",1025,"network blackjack"
"UDP",1030,"BBN IAD"
"UDP",1031,"BBN IAD"
"UDP",1032,"BBN IAD"
"UDP",1047,"Sun's NEO Object Request Broker"
"UDP",1048,"Sun's NEO Object Request Broker"
"UDP",1049,"Tobit David Postman VPMN"
"UDP",1050,"CORBA Management Agent"
"UDP",1051,"Optima VNET"
"UDP",1052,"Dynamic DNS Tools"
"UDP",1053,"Remote Assistant (RA)"
"UDP",1054,"BRVREAD"
"UDP",1055,"ANSYS - License Manager"
"UDP",1056,"VFO"
"UDP",1057,"STARTRON"
"UDP",1058,"nim"
"UDP",1059,"nimreg"
"UDP",1060,"POLESTAR"
"UDP",1061,"KIOSK"
"UDP",1062,"Veracity"
"UDP",1063,"KyoceraNetDev"
"UDP",1064,"JSTEL"
"UDP",1065,"SYSCOMLAN"
"UDP",1066,"FPO-FNS"
"UDP",1067,"Installation Bootstrap Proto. Serv."
"UDP",1068,"Installation Bootstrap Proto. Cli."
"UDP",1069,"COGNEX-INSIGHT"
"UDP",1070,"GMRUpdateSERV"
"UDP",1071,"BSQUARE-VOIP"
"UDP",1072,"CARDAX"
"UDP",1073,"BridgeControl"
"UDP",1074,"FASTechnologies License Manager"
"UDP",1075,"RDRMSHC"
"UDP",1076,"DAB STI-C"
"UDP",1077,"IMGames"
"UDP",1078,"eManageCstp"
"UDP",1079,"ASPROVATalk"
"UDP",1080,"Socks"
"UDP",1081,"PVUNIWIEN"
"UDP",1082,"AMT-ESD-PROT"
"UDP",1083,"Anasoft License Manager"
"UDP",1084,"Anasoft License Manager"
"UDP",1085,"Web Objects"
"UDP",1086,"CPL Scrambler Logging"
"UDP",1087,"CPL Scrambler Internal"
"UDP",1088,"CPL Scrambler Alarm Log"
"UDP",1089,"FF Annunciation"
"UDP",1090,"FF Fieldbus Message Specification"
"UDP",1091,"FF System Management"
"UDP",1092,"OBRPD"
"UDP",1093,"PROOFD"
"UDP",1094,"ROOTD"
"UDP",1095,"NICELink"
"UDP",1096,"Common Name Resolution Protocol"
"UDP",1097,"Sun Cluster Manager"
"UDP",1098,"RMI Activation"
"UDP",1099,"RMI Registry"
"UDP",1100,"MCTP"
"UDP",1101,"PT2-DISCOVER"
"UDP",1102,"ADOBE SERVER 1"
"UDP",1103,"ADOBE SERVER 2"
"UDP",1104,"XRL"
"UDP",1105,"FTRANHC"
"UDP",1106,"ISOIPSIGPORT-1"
"UDP",1107,"ISOIPSIGPORT-2"
"UDP",1108,"ratio-adp"
"UDP",1110,"Client status info"
"UDP",1111,"LM Social Server"
"UDP",1112,"Intelligent Communication Protocol"
"UDP",1114,"Mini SQL"
"UDP",1115,"ARDUS Transfer"
"UDP",1116,"ARDUS Control"
"UDP",1117,"ARDUS Multicast Transfer"
"UDP",1123,"Murray"
"UDP",1155,"Network File Access"
"UDP",1161,"Health Polling"
"UDP",1162,"Health Trap"
"UDP",1167,"conference calling"
"UDP",1169,"TRIPWIRE"
"UDP",1180,"Millicent Client Proxy"
"UDP",1188,"HP Web Admin"
"UDP",1200,"SCOL"
"UDP",1201,"Nucleus Sand"
"UDP",1202,"caiccipc"
"UDP",1203,"License Validation"
"UDP",1204,"Log Request Listener"
"UDP",1205,"Accord-MGC"
"UDP",1206,"Anthony Data"
"UDP",1207,"MetaSage"
"UDP",1208,"SEAGULL AIS"
"UDP",1209,"IPCD3"
"UDP",1210,"EOSS"
"UDP",1211,"Groove DPP"
"UDP",1212,"lupa"
"UDP",1213,"MPC LIFENET"
"UDP",1214,"KAZAA"
"UDP",1215,"scanSTAT 1.0"
"UDP",1216,"ETEBAC 5"
"UDP",1217,"HPSS-NDAPI"
"UDP",1218,"AeroFlight-ADs"
"UDP",1219,"AeroFlight-Ret"
"UDP",1220,"QT SERVER ADMIN"
"UDP",1221,"SweetWARE Apps"
"UDP",1222,"SNI R&D network"
"UDP",1223,"TGP"
"UDP",1224,"VPNz"
"UDP",1225,"SLINKYSEARCH"
"UDP",1226,"STGXFWS"
"UDP",1227,"DNS2Go"
"UDP",1228,"FLORENCE"
"UDP",1229,"Novell ZFS"
"UDP",1234,"Infoseek Search Agent"
"UDP",1239,"NMSD"
"UDP",1248,"hermes"
"UDP",1300,"H323 Host Call Secure"
"UDP",1310,"Husky"
"UDP",1311,"RxMon"
"UDP",1312,"STI Envision"
"UDP",1313,"BMC_PATROLDB"
"UDP",1314,"Photoscript Distributed Printing System"
"UDP",1319,"Panja-ICSP"
"UDP",1320,"Panja-AXBNET"
"UDP",1321,"PIP"
"UDP",1335,"Digital Notary Protocol"
"UDP",1345,"VPJP"
"UDP",1346,"Alta Analytics License Manager"
"UDP",1347,"multi media conferencing"
"UDP",1348,"multi media conferencing"
"UDP",1349,"Registration Network Protocol"
"UDP",1350,"Registration Network Protocol"
"UDP",1351,"Digital Tool Works (MIT)"
"UDP",1352,"Lotus Note"
"UDP",1353,"Relief Consulting"
"UDP",1354,"RightBrain Software"
"UDP",1355,"Intuitive Edge"
"UDP",1356,"CuillaMartin Company"
"UDP",1357,"Electronic PegBoard"
"UDP",1358,"CONNLCLI"
"UDP",1359,"FTSRV"
"UDP",1360,"MIMER"
"UDP",1361,"LinX"
"UDP",1362,"TimeFlies"
"UDP",1363,"Network DataMover Requester"
"UDP",1364,"Network DataMover Server"
"UDP",1365,"Network Software Associates"
"UDP",1366,"Novell NetWare Comm Service Platform"
"UDP",1367,"DCS"
"UDP",1368,"ScreenCast"
"UDP",1369,"GlobalView to Unix Shell"
"UDP",1370,"Unix Shell to GlobalView"
"UDP",1371,"Fujitsu Config Protocol"
"UDP",1372,"Fujitsu Config Protocol"
"UDP",1373,"Chromagrafx"
"UDP",1374,"EPI Software Systems"
"UDP",1375,"Bytex"
"UDP",1376,"IBM Person to Person Software"
"UDP",1377,"Cichlid License Manager"
"UDP",1378,"Elan License Manager"
"UDP",1379,"Integrity Solutions"
"UDP",1380,"Telesis Network License Manager"
"UDP",1381,"Apple Network License Manager"
"UDP",1382,"udt_os"
"UDP",1383,"GW Hannaway Network License Manager"
"UDP",1384,"Objective Solutions License Manager"
"UDP",1385,"Atex Publishing License Manager"
"UDP",1386,"CheckSum License Manager"
"UDP",1387,"Computer Aided Design Software Inc LM"
"UDP",1388,"Objective Solutions DataBase Cache"
"UDP",1389,"Document Manager"
"UDP",1390,"Storage Controller"
"UDP",1391,"Storage Access Server"
"UDP",1392,"Print Manager"
"UDP",1393,"Network Log Server"
"UDP",1394,"Network Log Client"
"UDP",1395,"PC Workstation Manager software"
"UDP",1396,"DVL Active Mail"
"UDP",1397,"Audio Active Mail"
"UDP",1398,"Video Active Mail"
"UDP",1399,"Cadkey License Manager"
"UDP",1400,"Cadkey Tablet Daemon"
"UDP",1401,"Goldleaf License Manager"
"UDP",1402,"Prospero Resource Manager"
"UDP",1403,"Prospero Resource Manager"
"UDP",1404,"Infinite Graphics License Manager"
"UDP",1405,"IBM Remote Execution Starter"
"UDP",1406,"NetLabs License Manager"
"UDP",1407,"DBSA License Manager"
"UDP",1408,"Sophia License Manager"
"UDP",1409,"Here License Manager"
"UDP",1410,"HiQ License Manager"
"UDP",1411,"AudioFile"
"UDP",1412,"InnoSys"
"UDP",1413,"Innosys-ACL"
"UDP",1414,"IBM MQSeries"
"UDP",1415,"DBStar"
"UDP",1416,"Novell LU6.2"
"UDP",1417,"Timbuktu Service 1 Port"
"UDP",1418,"Timbuktu Service 2 Port"
"UDP",1419,"Timbuktu Service 3 Port"
"UDP",1420,"Timbuktu Service 4 Port"
"UDP",1421,"Gandalf License Manager"
"UDP",1422,"Autodesk License Manager"
"UDP",1423,"Essbase Arbor Software"
"UDP",1424,"Hybrid Encryption Protocol"
"UDP",1425,"Zion Software License Manager"
"UDP",1426,"Satellite-data Acquisition System 1"
"UDP",1427,"mloadd monitoring tool"
"UDP",1428,"Informatik License Manager"
"UDP",1429,"Hypercom NMS"
"UDP",1430,"Hypercom TPDU"
"UDP",1431,"Reverse Gossip Transport"
"UDP",1432,"Blueberry Software License Manager"
"UDP",1433,"Microsoft-SQL-Server"
"UDP",1434,"Microsoft-SQL-Monitor"
"UDP",1435,"IBM CICS"
"UDP",1436,"Satellite-data Acquisition System 2"
"UDP",1437,"Tabula"
"UDP",1438,"Eicon Security Agent/Server"
"UDP",1439,"Eicon X25/SNA Gateway"
"UDP",1440,"Eicon Service Location Protocol"
"UDP",1441,"Cadis License Management"
"UDP",1442,"Cadis License Management"
"UDP",1443,"Integrated Engineering Software"
"UDP",1444,"Marcam License Management"
"UDP",1445,"Proxima License Manager"
"UDP",1446,"Optical Research Associates License Manager"
"UDP",1447,"Applied Parallel Research LM"
"UDP",1448,"OpenConnect License Manager"
"UDP",1449,"PEport"
"UDP",1450,"Tandem Distributed Workbench Facility"
"UDP",1451,"IBM Information Management"
"UDP",1452,"GTE Government Systems License Man"
"UDP",1453,"Genie License Manager"
"UDP",1454,"interHDL License Manager"
"UDP",1455,"ESL License Manager"
"UDP",1456,"DCA"
"UDP",1457,"Valisys License Manager"
"UDP",1458,"Nichols Research Corp."
"UDP",1459,"Proshare Notebook Application"
"UDP",1460,"Proshare Notebook Application"
"UDP",1461,"IBM Wireless LAN"
"UDP",1462,"World License Manager"
"UDP",1463,"Nucleus"
"UDP",1464,"MSL License Manager"
"UDP",1465,"Pipes Platform mfarlin@peerlogic.com"
"UDP",1466,"Ocean Software License Manager"
"UDP",1467,"CSDMBASE"
"UDP",1468,"CSDM"
"UDP",1469,"Active Analysis Limited License Manager"
"UDP",1470,"Universal Analytics"
"UDP",1471,"csdmbase"
"UDP",1472,"csdm"
"UDP",1473,"OpenMath"
"UDP",1474,"Telefinder"
"UDP",1475,"Taligent License Manager"
"UDP",1476,"clvm-cfg"
"UDP",1477,"ms-sna-server"
"UDP",1478,"ms-sna-base"
"UDP",1479,"dberegister"
"UDP",1480,"PacerForum"
"UDP",1481,"AIRS"
"UDP",1482,"Miteksys License Manager"
"UDP",1483,"AFS License Manager"
"UDP",1484,"Confluent License Manager"
"UDP",1485,"LANSource"
"UDP",1486,"nms_topo_serv"
"UDP",1487,"LocalInfoSrvr"
"UDP",1488,"DocStor"
"UDP",1489,"dmdocbroker"
"UDP",1490,"insitu-conf"
"UDP",1491,"anynetgateway"
"UDP",1492,"stone-design-1"
"UDP",1493,"netmap_lm"
"UDP",1494,"ica"
"UDP",1495,"cvc"
"UDP",1496,"liberty-lm"
"UDP",1497,"rfx-lm"
"UDP",1498,"Sybase SQL Any"
"UDP",1499,"Federico Heinz Consultora"
"UDP",1500,"VLSI License Manager"
"UDP",1501,"Satellite-data Acquisition System 3"
"UDP",1502,"Shiva"
"UDP",1503,"Databeam"
"UDP",1504,"EVB Software Engineering License Manager"
"UDP",1505,"Funk Software Inc."
"UDP",1506,"Universal Time daemon (utcd)"
"UDP",1507,"symplex"
"UDP",1508,"diagmond"
"UDP",1509,"Robcad Ltd. License Manager"
"UDP",1510,"Midland Valley Exploration Ltd. Lic. Man."
"UDP",1511,"3l-l1"
"UDP",1512,"Microsoft's Windows Internet Name Service"
"UDP",1513,"Fujitsu Systems Business of America Inc"
"UDP",1514,"Fujitsu Systems Business of America Inc"
"UDP",1515,"ifor-protocol"
"UDP",1516,"Virtual Places Audio data"
"UDP",1517,"Virtual Places Audio control"
"UDP",1518,"Virtual Places Video data"
"UDP",1519,"Virtual Places Video control"
"UDP",1520,"atm zip office"
"UDP",1521,"nCube License Manager"
"UDP",1522,"Ricardo North America License Manager"
"UDP",1523,"cichild"
"UDP",1524,"ingres"
"UDP",1525,"Prospero Directory Service non-priv"
"UDP",1526,"Prospero Data Access Prot non-priv"
"UDP",1527,"oracle"
"UDP",1528,"micautoreg"
"UDP",1529,"oracle"
"UDP",1530,"rap-service"
"UDP",1531,"rap-listen"
"UDP",1532,"miroconnect"
"UDP",1533,"Virtual Places Software"
"UDP",1534,"micromuse-lm"
"UDP",1535,"ampr-info"
"UDP",1536,"ampr-inter"
"UDP",1537,"isi-lm"
"UDP",1538,"3ds-lm"
"UDP",1539,"Intellistor License Manager"
"UDP",1540,"rds"
"UDP",1541,"rds2"
"UDP",1542,"gridgen-elmd"
"UDP",1543,"simba-cs"
"UDP",1544,"aspeclmd"
"UDP",1545,"vistium-share"
"UDP",1546,"abbaccuray"
"UDP",1547,"laplink"
"UDP",1548,"Axon License Manager"
"UDP",1549,"Shiva Sound"
"UDP",1550,"Image Storage license manager 3M Company"
"UDP",1551,"HECMTL-DB"
"UDP",1552,"pciarray"
"UDP",1553,"sna-cs"
"UDP",1554,"CACI Products Company License Manager"
"UDP",1555,"livelan"
"UDP",1556,"AshWin CI Tecnologies"
"UDP",1557,"ArborText License Manager"
"UDP",1558,"xingmpeg"
"UDP",1559,"web2host"
"UDP",1560,"asci-val"
"UDP",1561,"facilityview"
"UDP",1562,"pconnectmgr"
"UDP",1563,"Cadabra License Manager"
"UDP",1564,"Pay-Per-View"
"UDP",1565,"WinDD"
"UDP",1566,"CORELVIDEO"
"UDP",1567,"jlicelmd"
"UDP",1568,"tsspmap"
"UDP",1569,"ets"
"UDP",1570,"orbixd"
"UDP",1571,"Oracle Remote Data Base"
"UDP",1572,"Chipcom License Manager"
"UDP",1573,"itscomm-ns"
"UDP",1574,"mvel-lm"
"UDP",1575,"oraclenames"
"UDP",1576,"moldflow-lm"
"UDP",1577,"hypercube-lm"
"UDP",1578,"Jacobus License Manager"
"UDP",1579,"ioc-sea-lm"
"UDP",1580,"tn-tl-r2"
"UDP",1581,"MIL-2045-47001"
"UDP",1582,"MSIMS"
"UDP",1583,"simbaexpress"
"UDP",1584,"tn-tl-fd2"
"UDP",1585,"intv"
"UDP",1586,"ibm-abtact"
"UDP",1587,"pra_elmd"
"UDP",1588,"triquest-lm"
"UDP",1589,"VQP"
"UDP",1590,"gemini-lm"
"UDP",1591,"ncpm-pm"
"UDP",1592,"commonspace"
"UDP",1593,"mainsoft-lm"
"UDP",1594,"sixtrak"
"UDP",1595,"radio"
"UDP",1596,"radio-bc"
"UDP",1597,"orbplus-iiop"
"UDP",1598,"picknfs"
"UDP",1599,"simbaservices"
"UDP",1600,"issd"
"UDP",1601,"aas"
"UDP",1602,"inspect"
"UDP",1603,"pickodbc"
"UDP",1604,"icabrowser"
"UDP",1605,"Salutation Manager (Salutation Protocol)"
"UDP",1606,"Salutation Manager (SLM-API)"
"UDP",1607,"stt"
"UDP",1608,"Smart Corp. License Manager"
"UDP",1609,"isysg-lm"
"UDP",1610,"taurus-wh"
"UDP",1611,"Inter Library Loan"
"UDP",1612,"NetBill Transaction Server"
"UDP",1613,"NetBill Key Repository"
"UDP",1614,"NetBill Credential Server"
"UDP",1615,"NetBill Authorization Server"
"UDP",1616,"NetBill Product Server"
"UDP",1617,"Nimrod Inter-Agent Communication"
"UDP",1618,"skytelnet"
"UDP",1619,"xs-openstorage"
"UDP",1620,"faxportwinport"
"UDP",1621,"softdataphone"
"UDP",1622,"ontime"
"UDP",1623,"jaleosnd"
"UDP",1624,"udp-sr-port"
"UDP",1625,"svs-omagent"
"UDP",1626,"Shockwave"
"UDP",1627,"T.128 Gateway"
"UDP",1628,"LonTalk normal"
"UDP",1629,"LonTalk urgent"
"UDP",1630,"Oracle Net8 Cman"
"UDP",1631,"Visit view"
"UDP",1632,"PAMMRATC"
"UDP",1633,"PAMMRPC"
"UDP",1634,"Log On America Probe"
"UDP",1635,"EDB Server 1"
"UDP",1636,"CableNet Control Protocol"
"UDP",1637,"CableNet Admin Protocol"
"UDP",1638,"CableNet Info Protocol"
"UDP",1639,"cert-initiator"
"UDP",1640,"cert-responder"
"UDP",1641,"InVision"
"UDP",1642,"isis-am"
"UDP",1643,"isis-ambc"
"UDP",1644,"Satellite-data Acquistion Systems 4"
"UDP",1645,"Legacy RADIUS / datametrics"
"UDP",1646,"Legacy RADIUS / sa-msg-port"
"UDP",1647,"rsap"
"UDP",1648,"concurrent-lm"
"UDP",1649,"kermit"
"UDP",1650,"nkd"
"UDP",1651,"shiva_confsrvr"
"UDP",1652,"xnmp"
"UDP",1653,"alphatech-lm"
"UDP",1654,"stargatealerts"
"UDP",1655,"dec-mbadmin"
"UDP",1656,"dec-mbadmin-h"
"UDP",1657,"fujitsu-mmpdc"
"UDP",1658,"sixnetudr"
"UDP",1659,"Silicon Grail License Manager"
"UDP",1660,"skip-mc-gikreq"
"UDP",1661,"netview-aix-1"
"UDP",1662,"netview-aix-2"
"UDP",1663,"netview-aix-3"
"UDP",1664,"netview-aix-4"
"UDP",1665,"netview-aix-5"
"UDP",1666,"netview-aix-6"
"UDP",1667,"netview-aix-7"
"UDP",1668,"netview-aix-8"
"UDP",1669,"netview-aix-9"
"UDP",1670,"netview-aix-10"
"UDP",1671,"netview-aix-11"
"UDP",1672,"netview-aix-12"
"UDP",1673,"Intel Proshare Multicast"
"UDP",1674,"Intel Proshare Multicast"
"UDP",1675,"Pacific Data Products"
"UDP",1676,"netcomm2"
"UDP",1677,"groupwise"
"UDP",1678,"prolink"
"UDP",1679,"darcorp-lm"
"UDP",1680,"microcom-sbp"
"UDP",1681,"sd-elmd"
"UDP",1682,"lanyon-lantern"
"UDP",1683,"ncpm-hip"
"UDP",1684,"SnareSecure"
"UDP",1685,"n2nremote"
"UDP",1686,"cvmon"
"UDP",1687,"nsjtp-ctrl"
"UDP",1688,"nsjtp-data"
"UDP",1689,"firefox"
"UDP",1690,"ng-umds"
"UDP",1691,"empire-empuma"
"UDP",1692,"sstsys-lm"
"UDP",1693,"rrirtr"
"UDP",1694,"rrimwm"
"UDP",1695,"rrilwm"
"UDP",1696,"rrifmm"
"UDP",1697,"rrisat"
"UDP",1698,"RSVP-ENCAPSULATION-1"
"UDP",1699,"RSVP-ENCAPSULATION-2"
"UDP",1700,"mps-raft"
"UDP",1701,"l2tp"
"UDP",1702,"deskshare"
"UDP",1703,"hb-engine"
"UDP",1704,"bcs-broker"
"UDP",1705,"slingshot"
"UDP",1706,"jetform"
"UDP",1707,"vdmplay"
"UDP",1708,"gat-lmd"
"UDP",1709,"centra"
"UDP",1710,"impera"
"UDP",1711,"pptconference"
"UDP",1712,"resource monitoring service"
"UDP",1713,"ConferenceTalk"
"UDP",1714,"sesi-lm"
"UDP",1715,"houdini-lm"
"UDP",1716,"xmsg"
"UDP",1717,"fj-hdnet"
"UDP",1718,"h323gatedisc"
"UDP",1719,"h323gatestat"
"UDP",1720,"h323hostcall"
"UDP",1721,"caicci"
"UDP",1722,"HKS License Manager"
"UDP",1723,"pptp"
"UDP",1724,"csbphonemaster"
"UDP",1725,"iden-ralp"
"UDP",1726,"IBERIAGAMES"
"UDP",1727,"winddx"
"UDP",1728,"TELINDUS"
"UDP",1729,"CityNL License Management"
"UDP",1730,"roketz"
"UDP",1731,"MSICCP"
"UDP",1732,"proxim"
"UDP",1733,"SIMS - SIIPAT Protocol for Alarm Transmission"
"UDP",1734,"Camber Corporation License Management"
"UDP",1735,"PrivateChat"
"UDP",1736,"street-stream"
"UDP",1737,"ultimad"
"UDP",1738,"GameGen1"
"UDP",1739,"webaccess"
"UDP",1740,"encore"
"UDP",1741,"cisco-net-mgmt"
"UDP",1742,"3Com-nsd"
"UDP",1743,"Cinema Graphics License Manager"
"UDP",1744,"ncpm-ft"
"UDP",1745,"remote-winsock"
"UDP",1746,"ftrapid-1"
"UDP",1747,"ftrapid-2"
"UDP",1748,"oracle-em1"
"UDP",1749,"aspen-services"
"UDP",1750,"Simple Socket Library's PortMaster"
"UDP",1751,"SwiftNet"
"UDP",1752,"Leap of Faith Research License Manager"
"UDP",1753,"Translogic License Manager"
"UDP",1754,"oracle-em2"
"UDP",1755,"ms-streaming"
"UDP",1756,"capfast-lmd"
"UDP",1757,"cnhrp"
"UDP",1758,"tftp-mcast"
"UDP",1759,"SPSS License Manager"
"UDP",1760,"www-ldap-gw"
"UDP",1761,"LANDesk-RC / cft-0"
"UDP",1762,"cft-1"
"UDP",1763,"cft-2"
"UDP",1764,"cft-3"
"UDP",1765,"cft-4"
"UDP",1766,"cft-5"
"UDP",1767,"cft-6"
"UDP",1768,"cft-7"
"UDP",1769,"bmc-net-adm"
"UDP",1770,"bmc-net-svc"
"UDP",1771,"vaultbase"
"UDP",1772,"EssWeb Gateway"
"UDP",1773,"KMSControl"
"UDP",1774,"global-dtserv"
"UDP",1776,"Federal Emergency Management Information System"
"UDP",1777,"powerguardian"
"UDP",1778,"prodigy-internet"
"UDP",1779,"pharmasoft"
"UDP",1780,"dpkeyserv"
"UDP",1781,"answersoft-lm"
"UDP",1782,"hp-hcip"
"UDP",1783,"Port 04/14/00 fujitsu.co.jp"
"UDP",1784,"Finle License Manager"
"UDP",1785,"Wind River Systems License Manager"
"UDP",1786,"funk-logger"
"UDP",1787,"funk-license"
"UDP",1788,"psmond"
"UDP",1789,"hello"
"UDP",1790,"Narrative Media Streaming Protocol"
"UDP",1791,"EA1"
"UDP",1792,"ibm-dt-2"
"UDP",1793,"rsc-robot"
"UDP",1794,"cera-bcm"
"UDP",1795,"dpi-proxy"
"UDP",1796,"Vocaltec Server Administration"
"UDP",1797,"UMA"
"UDP",1798,"Event Transfer Protocol"
"UDP",1799,"NETRISK"
"UDP",1800,"ANSYS-License manager"
"UDP",1801,"Microsoft Message Queuing"
"UDP",1802,"ConComp1"
"UDP",1803,"HP-HCIP-GWY"
"UDP",1804,"ENL"
"UDP",1805,"ENL-Name"
"UDP",1806,"Musiconline"
"UDP",1807,"Fujitsu Hot Standby Protocol"
"UDP",1808,"Oracle-VP2"
"UDP",1809,"Oracle-VP1"
"UDP",1810,"Jerand License Manager"
"UDP",1811,"Scientia-SDB"
"UDP",1812,"RADIUS"
"UDP",1813,"RADIUS Accounting"
"UDP",1814,"TDP Suite"
"UDP",1815,"MMPFT"
"UDP",1816,"HARP"
"UDP",1817,"RKB-OSCS"
"UDP",1818,"Enhanced Trivial File Transfer Protocol"
"UDP",1819,"Plato License Manager"
"UDP",1820,"mcagent"
"UDP",1821,"donnyworld"
"UDP",1822,"es-elmd"
"UDP",1823,"Unisys Natural Language License Manager"
"UDP",1824,"metrics-pas"
"UDP",1825,"DirecPC Video"
"UDP",1826,"ARDT"
"UDP",1827,"ASI"
"UDP",1828,"itm-mcell-u"
"UDP",1829,"Optika eMedia"
"UDP",1830,"Oracle Net8 CMan Admin"
"UDP",1831,"Myrtle"
"UDP",1832,"ThoughtTreasure"
"UDP",1833,"udpradio"
"UDP",1834,"ARDUS Unicast"
"UDP",1835,"ARDUS Multicast"
"UDP",1836,"ste-smsc"
"UDP",1837,"csoft1"
"UDP",1838,"TALNET"
"UDP",1839,"netopia-vo1"
"UDP",1840,"netopia-vo2"
"UDP",1841,"netopia-vo3"
"UDP",1842,"netopia-vo4"
"UDP",1843,"netopia-vo5"
"UDP",1844,"DirecPC-DLL"
"UDP",1850,"GSI"
"UDP",1851,"ctcd"
"UDP",1860,"SunSCALAR Services"
"UDP",1861,"LeCroy VICP"
"UDP",1862,"techra-server"
"UDP",1863,"MSNP"
"UDP",1864,"Paradym 31 Port"
"UDP",1865,"ENTP"
"UDP",1870,"SunSCALAR DNS Service"
"UDP",1871,"Cano Central 0"
"UDP",1872,"Cano Central 1"
"UDP",1873,"Fjmpjps"
"UDP",1874,"Fjswapsnp"
"UDP",1881,"IBM MQSeries"
"UDP",1895,"Vista 4GL"
"UDP",1899,"MC2Studios"
"UDP",1900,"UPnP SSDP"
"UDP",1901,"Fujitsu ICL Terminal Emulator Program A"
"UDP",1902,"Fujitsu ICL Terminal Emulator Program B"
"UDP",1903,"Local Link Name Resolution"
"UDP",1904,"Fujitsu ICL Terminal Emulator Program C"
"UDP",1905,"Secure UP.Link Gateway Protocol"
"UDP",1906,"TPortMapperReq"
"UDP",1907,"IntraSTAR"
"UDP",1908,"Dawn"
"UDP",1909,"Global World Link"
"UDP",1910,"ultrabac"
"UDP",1911,"Starlight Networks Multimedia Transport Protocol"
"UDP",1912,"rhp-iibp"
"UDP",1913,"armadp"
"UDP",1914,"Elm-Momentum"
"UDP",1915,"FACELINK"
"UDP",1916,"Persoft Persona"
"UDP",1917,"nOAgent"
"UDP",1918,"Candle Directory Service - NDS"
"UDP",1919,"Candle Directory Service - DCH"
"UDP",1920,"Candle Directory Service - FERRET"
"UDP",1921,"NoAdmin"
"UDP",1922,"Tapestry"
"UDP",1923,"SPICE"
"UDP",1924,"XIIP"
"UDP",1930,"Drive AppServer"
"UDP",1931,"AMD SCHED"
"UDP",1944,"close-combat"
"UDP",1945,"dialogic-elmd"
"UDP",1946,"tekpls"
"UDP",1947,"hlserver"
"UDP",1948,"eye2eye"
"UDP",1949,"ISMA Easdaq Live"
"UDP",1950,"ISMA Easdaq Test"
"UDP",1951,"bcs-lmserver"
"UDP",1952,"mpnjsc"
"UDP",1953,"Rapid Base"
"UDP",1961,"BTS APPSERVER"
"UDP",1962,"BIAP-MP"
"UDP",1963,"WebMachine"
"UDP",1964,"SOLID E ENGINE"
"UDP",1965,"Tivoli NPM"
"UDP",1966,"Slush"
"UDP",1967,"SNS Quote"
"UDP",1972,"Cache"
"UDP",1973,"Data Link Switching Remote Access Protocol"
"UDP",1974,"DRP"
"UDP",1975,"TCO Flash Agent"
"UDP",1976,"TCO Reg Agent"
"UDP",1977,"TCO Address Book"
"UDP",1978,"Slapper.B / UniSQL"
"UDP",1979,"UniSQL Java"
"UDP",1984,"BB"
"UDP",1985,"Hot Standby Router Protocol"
"UDP",1986,"cisco license management"
"UDP",1987,"cisco RSRB Priority 1 port"
"UDP",1988,"cisco RSRB Priority 2 port"
"UDP",1989,"MHSnet system"
"UDP",1990,"cisco STUN Priority 1 port"
"UDP",1991,"cisco STUN Priority 2 port"
"UDP",1992,"IPsendmsg"
"UDP",1993,"cisco SNMP TCP port"
"UDP",1994,"cisco serial tunnel port"
"UDP",1995,"cisco perf port"
"UDP",1996,"cisco Remote SRB port"
"UDP",1997,"cisco Gateway Discovery Protocol"
"UDP",1998,"cisco X.25 service (XOT)"
"UDP",1999,"cisco identification port"
"UDP",2000,"callbook"
"UDP",2001,"curry"
"UDP",2002,"Slapper.A / globe"
"UDP",2004,"CCWS mm conf"
"UDP",2005,"oracle"
"UDP",2006,"raid"
"UDP",2007,"raid-am"
"UDP",2008,"terminaldb"
"UDP",2009,"whosockami"
"UDP",2010,"pipe-server"
"UDP",2011,"servserv"
"UDP",2012,"raid-ac"
"UDP",2013,"raid-cd"
"UDP",2014,"raid-sf"
"UDP",2015,"raid-cs"
"UDP",2016,"bootserver"
"UDP",2017,"bootclient"
"UDP",2018,"rellpack"
"UDP",2019,"about"
"UDP",2020,"xinupageserver"
"UDP",2021,"xinuexpansion1"
"UDP",2022,"xinuexpansion2"
"UDP",2023,"xinuexpansion3"
"UDP",2024,"xinuexpansion4"
"UDP",2025,"xribs"
"UDP",2026,"scrabble"
"UDP",2027,"shadowserver"
"UDP",2028,"submitserver"
"UDP",2030,"device2"
"UDP",2032,"blackboard"
"UDP",2033,"glogger"
"UDP",2034,"scoremgr"
"UDP",2035,"imsldoc"
"UDP",2038,"objectmanager"
"UDP",2040,"lam"
"UDP",2041,"interbase"
"UDP",2042,"isis"
"UDP",2043,"isis-bcast"
"UDP",2044,"rimsl"
"UDP",2045,"cdfunc"
"UDP",2046,"sdfunc"
"UDP",2047,"dls"
"UDP",2048,"dls-monitor"
"UDP",2049,"Network File System - Sun Microsystems"
"UDP",2065,"Data Link Switch Read Port Number"
"UDP",2067,"Data Link Switch Write Port Number"
"UDP",2090,"Load Report Protocol"
"UDP",2091,"PRP"
"UDP",2092,"Descent 3"
"UDP",2093,"NBX CC"
"UDP",2094,"NBX AU"
"UDP",2095,"NBX SER"
"UDP",2096,"NBX DIR"
"UDP",2097,"Jet Form Preview"
"UDP",2098,"Dialog Port"
"UDP",2099,"H.225.0 Annex G"
"UDP",2100,"amiganetfs"
"UDP",2101,"rtcm-sc104"
"UDP",2102,"Zephyr server"
"UDP",2103,"Zephyr serv-hm connection"
"UDP",2104,"Zephyr hostmanager"
"UDP",2105,"MiniPay"
"UDP",2106,"MZAP"
"UDP",2107,"BinTec Admin"
"UDP",2108,"Comcam"
"UDP",2109,"Ergolight"
"UDP",2110,"UMSP"
"UDP",2111,"DSATP"
"UDP",2112,"Idonix MetaNet"
"UDP",2113,"HSL StoRM"
"UDP",2114,"NEWHEIGHTS"
"UDP",2115,"KDM"
"UDP",2116,"CCOWCMR"
"UDP",2117,"MENTACLIENT"
"UDP",2118,"MENTASERVER"
"UDP",2119,"GSIGATEKEEPER"
"UDP",2120,"Quick Eagle Networks CP"
"UDP",2121,"SCIENTIA-SSDB"
"UDP",2122,"CauPC Remote Control"
"UDP",2123,"GTP-Control Plane (3GPP)"
"UDP",2124,"ELATELINK"
"UDP",2125,"LOCKSTEP"
"UDP",2126,"PktCable-COPS"
"UDP",2127,"INDEX-PC-WB"
"UDP",2128,"Net Steward Control"
"UDP",2129,"cs-live.com"
"UDP",2130,"SWC-XDS"
"UDP",2131,"Avantageb2b"
"UDP",2132,"AVAIL-EPMAP"
"UDP",2133,"ZYMED-ZPP"
"UDP",2134,"AVENUE"
"UDP",2135,"Grid Resource Information Server"
"UDP",2136,"APPWORXSRV"
"UDP",2137,"CONNECT"
"UDP",2138,"UNBIND-CLUSTER"
"UDP",2139,"IAS-AUTH"
"UDP",2140,"IAS-REG / Deep Throat (Windows Trojan) / Deep Throat 2 (Windows Trojan)"
"UDP",2141,"IAS-ADMIND"
"UDP",2142,"TDM-OVER-IP"
"UDP",2143,"Live Vault Job Control"
"UDP",2144,"Live Vault Fast Object Transfer"
"UDP",2145,"Live Vault Remote Diagnostic Console Support"
"UDP",2146,"Live Vault Admin Event Notification"
"UDP",2147,"Live Vault Authentication"
"UDP",2148,"VERITAS UNIVERSAL COMMUNICATION LAYER"
"UDP",2149,"ACPTSYS"
"UDP",2150,"DYNAMIC3D"
"UDP",2151,"DOCENT"
"UDP",2152,"GTP-User Plane (3GPP)"
"UDP",2165,"X-Bone API"
"UDP",2166,"IWSERVER"
"UDP",2180,"Millicent Vendor Gateway Server"
"UDP",2181,"eforward"
"UDP",2190,"TiVoConnect Beacon"
"UDP",2191,"TvBus Messaging"
"UDP",2200,"ICI"
"UDP",2201,"Advanced Training System Program"
"UDP",2202,"Int. Multimedia Teleconferencing Cosortium"
"UDP",2213,"Kali"
"UDP",2220,"Ganymede"
"UDP",2221,"Rockwell CSP1"
"UDP",2222,"Rockwell CSP2"
"UDP",2223,"Rockwell CSP3"
"UDP",2232,"IVS Video default"
"UDP",2233,"INFOCRYPT"
"UDP",2234,"DirectPlay"
"UDP",2235,"Sercomm-WLink"
"UDP",2236,"Nani"
"UDP",2237,"Optech Port1 License Manager"
"UDP",2238,"AVIVA SNA SERVER"
"UDP",2239,"Image Query"
"UDP",2240,"RECIPe"
"UDP",2241,"IVS Daemon"
"UDP",2242,"Folio Remote Server"
"UDP",2243,"Magicom Protocol"
"UDP",2244,"NMS Server"
"UDP",2245,"HaO"
"UDP",2279,"xmquery"
"UDP",2280,"LNVPOLLER"
"UDP",2281,"LNVCONSOLE"
"UDP",2282,"LNVALARM"
"UDP",2283,"LNVSTATUS"
"UDP",2284,"LNVMAPS"
"UDP",2285,"LNVMAILMON"
"UDP",2286,"NAS-Metering"
"UDP",2287,"DNA"
"UDP",2288,"NETML"
"UDP",2294,"Konshus License Manager (FLEX)"
"UDP",2295,"Advant License Manager"
"UDP",2296,"Theta License Manager (Rainbow)"
"UDP",2297,"D2K DataMover 1"
"UDP",2298,"D2K DataMover 2"
"UDP",2299,"PC Telecommute"
"UDP",2300,"CVMMON"
"UDP",2301,"Compaq HTTP"
"UDP",2302,"Bindery Support"
"UDP",2303,"Proxy Gateway"
"UDP",2304,"Attachmate UTS"
"UDP",2305,"MT ScaleServer"
"UDP",2306,"TAPPI BoxNet"
"UDP",2307,"pehelp"
"UDP",2308,"sdhelp"
"UDP",2309,"SD Server"
"UDP",2310,"SD Client"
"UDP",2311,"Message Service"
"UDP",2313,"IAPP (Inter Access Point Protocol)"
"UDP",2314,"CR WebSystems"
"UDP",2315,"Precise Sft."
"UDP",2316,"SENT License Manager"
"UDP",2317,"Attachmate G32"
"UDP",2318,"Cadence Control"
"UDP",2319,"InfoLibria"
"UDP",2320,"Siebel NS"
"UDP",2321,"RDLAP"
"UDP",2322,"ofsd"
"UDP",2323,"3d-nfsd"
"UDP",2324,"Cosmocall"
"UDP",2325,"Design Space License Management"
"UDP",2326,"IDCP"
"UDP",2327,"xingcsm"
"UDP",2328,"Netrix SFTM"
"UDP",2329,"NVD"
"UDP",2330,"TSCCHAT"
"UDP",2331,"AGENTVIEW"
"UDP",2332,"RCC Host"
"UDP",2333,"SNAPP"
"UDP",2334,"ACE Client Auth"
"UDP",2335,"ACE Proxy"
"UDP",2336,"Apple UG Control"
"UDP",2337,"ideesrv"
"UDP",2338,"Norton Lambert"
"UDP",2339,"3Com WebView"
"UDP",2340,"WRS Registry"
"UDP",2341,"XIO Status"
"UDP",2342,"Seagate Manage Exec"
"UDP",2343,"nati logos"
"UDP",2344,"fcmsys"
"UDP",2345,"dbm"
"UDP",2346,"Game Connection Port"
"UDP",2347,"Game Announcement and Location"
"UDP",2348,"Information to query for game status"
"UDP",2349,"Disgnostics Port"
"UDP",2350,"psbserver"
"UDP",2351,"psrserver"
"UDP",2352,"pslserver"
"UDP",2353,"pspserver"
"UDP",2354,"psprserver"
"UDP",2355,"psdbserver"
"UDP",2356,"GXT License Managemant"
"UDP",2357,"UniHub Server"
"UDP",2358,"Futrix"
"UDP",2359,"FlukeServer"
"UDP",2360,"NexstorIndLtd"
"UDP",2361,"TL1"
"UDP",2362,"digiman"
"UDP",2363,"Media Central NFSD"
"UDP",2364,"OI-2000"
"UDP",2365,"dbref"
"UDP",2366,"qip-login"
"UDP",2367,"Service Control"
"UDP",2368,"OpenTable"
"UDP",2369,"ACS2000 DSP"
"UDP",2370,"L3-HBMon"
"UDP",2381,"Compaq HTTPS"
"UDP",2382,"Microsoft OLAP"
"UDP",2383,"Microsoft OLAP"
"UDP",2384,"SD-REQUEST"
"UDP",2389,"OpenView Session Mgr"
"UDP",2390,"RSMTP"
"UDP",2391,"3COM Net Management"
"UDP",2392,"Tactical Auth"
"UDP",2393,"MS OLAP 1"
"UDP",2394,"MA OLAP 2"
"UDP",2395,"LAN900 Remote"
"UDP",2396,"Wusage"
"UDP",2397,"NCL"
"UDP",2398,"Orbiter"
"UDP",2399,"FileMaker Inc. - Data Access Layer"
"UDP",2400,"OpEquus Server"
"UDP",2401,"cvspserver"
"UDP",2402,"TaskMaster 2000 Server"
"UDP",2403,"TaskMaster 2000 Web"
"UDP",2404,"IEC870-5-104"
"UDP",2405,"TRC Netpoll"
"UDP",2406,"JediServer"
"UDP",2407,"Orion"
"UDP",2408,"OptimaNet"
"UDP",2409,"SNS Protocol"
"UDP",2410,"VRTS Registry"
"UDP",2411,"Netwave AP Management"
"UDP",2412,"CDN"
"UDP",2413,"orion-rmi-reg"
"UDP",2414,"Interlingua"
"UDP",2415,"COMTEST"
"UDP",2416,"RMT Server"
"UDP",2417,"Composit Server"
"UDP",2418,"cas"
"UDP",2419,"Attachmate S2S"
"UDP",2420,"DSL Remote Management"
"UDP",2421,"G-Talk"
"UDP",2422,"CRMSBITS"
"UDP",2423,"RNRP"
"UDP",2424,"KOFAX-SVR"
"UDP",2425,"Fujitsu App Manager"
"UDP",2426,"Appliant UDP"
"UDP",2427,"Media Gateway Control Protocol Gateway"
"UDP",2428,"One Way Trip Time"
"UDP",2429,"FT-ROLE"
"UDP",2430,"venus"
"UDP",2431,"venus-se"
"UDP",2432,"codasrv"
"UDP",2433,"codasrv-se"
"UDP",2434,"pxc-epmap"
"UDP",2435,"OptiLogic"
"UDP",2436,"TOP/X"
"UDP",2437,"UniControl"
"UDP",2438,"MSP"
"UDP",2439,"SybaseDBSynch"
"UDP",2440,"Spearway Lockser"
"UDP",2441,"pvsw-inet"
"UDP",2442,"Netangel"
"UDP",2443,"PowerClient Central Storage Facility"
"UDP",2444,"BT PP2 Sectrans"
"UDP",2445,"DTN1"
"UDP",2446,"bues_service"
"UDP",2447,"OpenView NNM daemon"
"UDP",2448,"hpppsvr"
"UDP",2449,"RATL"
"UDP",2450,"netadmin"
"UDP",2451,"netchat"
"UDP",2452,"SnifferClient"
"UDP",2453,"madge-om"
"UDP",2454,"IndX-DDS"
"UDP",2455,"WAGO-IO-SYSTEM"
"UDP",2456,"altav-remmgt"
"UDP",2457,"Rapido_IP"
"UDP",2458,"griffin"
"UDP",2459,"Community"
"UDP",2460,"ms-theater"
"UDP",2461,"qadmifoper"
"UDP",2462,"qadmifevent"
"UDP",2463,"Symbios Raid"
"UDP",2464,"DirecPC SI"
"UDP",2465,"Load Balance Management"
"UDP",2466,"Load Balance Forwarding"
"UDP",2467,"High Criteria"
"UDP",2468,"qip_msgd"
"UDP",2469,"MTI-TCS-COMM"
"UDP",2470,"taskman port"
"UDP",2471,"SeaODBC"
"UDP",2472,"C3"
"UDP",2473,"Aker-cdp"
"UDP",2474,"Vital Analysis"
"UDP",2475,"ACE Server"
"UDP",2476,"ACE Server Propagation"
"UDP",2477,"SecurSight Certificate Valifation Service"
"UDP",2478,"SecurSight Authentication Server (SSL)"
"UDP",2479,"SecurSight Event Logging Server (SSL)"
"UDP",2480,"Lingwood's Detail"
"UDP",2481,"Oracle GIOP"
"UDP",2482,"Oracle GIOP SSL"
"UDP",2483,"Oracel TTC"
"UDP",2484,"Oracle TTC SSL"
"UDP",2485,"Net Objects1"
"UDP",2486,"Net Objects2"
"UDP",2487,"Policy Notice Service"
"UDP",2488,"Moy Corporation"
"UDP",2489,"TSILB"
"UDP",2490,"qip_qdhcp"
"UDP",2491,"Conclave CPP"
"UDP",2492,"GROOVE"
"UDP",2493,"Talarian MQS"
"UDP",2494,"BMC AR"
"UDP",2495,"Fast Remote Services"
"UDP",2496,"DIRGIS"
"UDP",2497,"Quad DB"
"UDP",2498,"ODN-CasTraq"
"UDP",2499,"UniControl"
"UDP",2500,"Resource Tracking system server"
"UDP",2501,"Resource Tracking system client"
"UDP",2502,"Kentrox Protocol"
"UDP",2503,"NMS-DPNSS"
"UDP",2504,"WLBS"
"UDP",2505,"torque-traffic"
"UDP",2506,"jbroker"
"UDP",2507,"spock"
"UDP",2508,"JDataStore"
"UDP",2509,"fjmpss"
"UDP",2510,"fjappmgrbulk"
"UDP",2511,"Metastorm"
"UDP",2512,"Citrix IMA"
"UDP",2513,"Citrix ADMIN"
"UDP",2514,"Facsys NTP"
"UDP",2515,"Facsys Router"
"UDP",2516,"Main Control"
"UDP",2517,"H.323 Annex E call signaling transport"
"UDP",2518,"Willy"
"UDP",2519,"globmsgsvc"
"UDP",2520,"pvsw"
"UDP",2521,"Adaptec Manager"
"UDP",2522,"WinDb"
"UDP",2523,"Qke LLC V.3"
"UDP",2524,"Optiwave License Management"
"UDP",2525,"MS V-Worlds"
"UDP",2526,"EMA License Manager"
"UDP",2527,"IQ Server"
"UDP",2528,"NCR CCL"
"UDP",2529,"UTS FTP"
"UDP",2530,"VR Commerce"
"UDP",2531,"ITO-E GUI"
"UDP",2532,"OVTOPMD"
"UDP",2533,"SnifferServer"
"UDP",2534,"Combox Web Access"
"UDP",2535,"MADCAP"
"UDP",2536,"btpp2audctr1"
"UDP",2537,"Upgrade Protocol"
"UDP",2538,"vnwk-prapi"
"UDP",2539,"VSI Admin"
"UDP",2540,"LonWorks"
"UDP",2541,"LonWorks2"
"UDP",2542,"daVinci"
"UDP",2543,"REFTEK"
"UDP",2544,"Novell ZEN novell.com"
"UDP",2545,"sis-emt"
"UDP",2546,"vytalvaultbrtp"
"UDP",2547,"vytalvaultvsmp"
"UDP",2548,"vytalvaultpipe"
"UDP",2549,"IPASS"
"UDP",2550,"ADS"
"UDP",2551,"ISG UDA Server"
"UDP",2552,"Call Logging"
"UDP",2553,"efidiningport"
"UDP",2554,"VCnet-Link v10"
"UDP",2555,"Compaq WCP"
"UDP",2556,"nicetec-nmsvc"
"UDP",2557,"nicetec-mgmt"
"UDP",2558,"PCLE Multi Media"
"UDP",2559,"LSTP"
"UDP",2560,"labrat"
"UDP",2561,"MosaixCC"
"UDP",2562,"Delibo"
"UDP",2563,"CTI Redwood"
"UDP",2565,"Coordinator Server"
"UDP",2566,"pcs-pcw"
"UDP",2567,"Cisco Line Protocol"
"UDP",2568,"SPAM TRAP"
"UDP",2569,"Sonus Call Signal"
"UDP",2570,"HS Port"
"UDP",2571,"CECSVC"
"UDP",2572,"IBP"
"UDP",2573,"Trust Establish"
"UDP",2574,"Blockade BPSP"
"UDP",2575,"HL7"
"UDP",2576,"TCL Pro Debugger"
"UDP",2577,"Scriptics Lsrvr"
"UDP",2578,"RVS ISDN DCP"
"UDP",2579,"mpfoncl"
"UDP",2580,"Tributary"
"UDP",2581,"ARGIS TE"
"UDP",2582,"ARGIS DS"
"UDP",2583,"MON"
"UDP",2584,"cyaserv"
"UDP",2585,"NETX Server"
"UDP",2586,"NETX Agent"
"UDP",2587,"MASC"
"UDP",2588,"Privilege"
"UDP",2589,"quartus tcl"
"UDP",2590,"idotdist"
"UDP",2591,"Maytag Shuffle"
"UDP",2592,"netrek"
"UDP",2593,"MNS Mail Notice Service"
"UDP",2594,"Data Base Server"
"UDP",2595,"World Fusion 1"
"UDP",2596,"World Fusion 2"
"UDP",2597,"Homestead Glory"
"UDP",2598,"Citrix MA Client"
"UDP",2599,"Meridian Data"
"UDP",2600,"HPSTGMGR"
"UDP",2601,"discp client"
"UDP",2602,"discp server"
"UDP",2603,"Service Meter"
"UDP",2604,"NSC CCS"
"UDP",2605,"NSC POSA"
"UDP",2606,"Dell Netmon"
"UDP",2607,"Dell Connection"
"UDP",2608,"Wag Service"
"UDP",2609,"System Monitor"
"UDP",2610,"VersaTek"
"UDP",2611,"LIONHEAD"
"UDP",2612,"Qpasa Agent"
"UDP",2613,"SMNTUBootstrap"
"UDP",2614,"Never Offline"
"UDP",2615,"firepower"
"UDP",2616,"appswitch-emp"
"UDP",2617,"Clinical Context Managers"
"UDP",2618,"Priority E-Com"
"UDP",2619,"bruce"
"UDP",2620,"LPSRecommender"
"UDP",2621,"Miles Apart Jukebox Server"
"UDP",2622,"MetricaDBC"
"UDP",2623,"LMDP"
"UDP",2624,"Aria"
"UDP",2625,"Blwnkl Port"
"UDP",2626,"gbjd816"
"UDP",2627,"Moshe Beeri"
"UDP",2628,"DICT"
"UDP",2629,"Sitara Server"
"UDP",2630,"Sitara Management"
"UDP",2631,"Sitara Dir"
"UDP",2632,"IRdg Post"
"UDP",2633,"InterIntelli"
"UDP",2634,"PK Electronics"
"UDP",2635,"Back Burner"
"UDP",2636,"Solve"
"UDP",2637,"Import Document Service"
"UDP",2638,"Sybase Anywhere"
"UDP",2639,"AMInet"
"UDP",2640,"Sabbagh Associates Licence Manager"
"UDP",2641,"HDL Server"
"UDP",2642,"Tragic"
"UDP",2643,"GTE-SAMP"
"UDP",2644,"Travsoft IPX Tunnel"
"UDP",2645,"Novell IPX CMD"
"UDP",2646,"AND License Manager"
"UDP",2647,"SyncServer"
"UDP",2648,"Upsnotifyprot"
"UDP",2649,"VPSIPPORT"
"UDP",2650,"eristwoguns"
"UDP",2651,"EBInSite"
"UDP",2652,"InterPathPanel"
"UDP",2653,"Sonus"
"UDP",2654,"Corel VNC Admin"
"UDP",2655,"UNIX Nt Glue"
"UDP",2656,"Kana"
"UDP",2657,"SNS Dispatcher"
"UDP",2658,"SNS Admin"
"UDP",2659,"SNS Query"
"UDP",2660,"GC Monitor"
"UDP",2661,"OLHOST"
"UDP",2662,"BinTec-CAPI"
"UDP",2663,"BinTec-TAPI"
"UDP",2664,"Command MQ GM"
"UDP",2665,"Command MQ PM"
"UDP",2666,"extensis"
"UDP",2667,"Alarm Clock Server"
"UDP",2668,"Alarm Clock Client"
"UDP",2669,"TOAD"
"UDP",2670,"TVE Announce"
"UDP",2671,"newlixreg"
"UDP",2672,"nhserver"
"UDP",2673,"First Call 42"
"UDP",2674,"ewnn"
"UDP",2675,"TTC ETAP"
"UDP",2676,"SIMSLink"
"UDP",2677,"Gadget Gate 1 Way"
"UDP",2678,"Gadget Gate 2 Way"
"UDP",2679,"Sync Server SSL"
"UDP",2680,"pxc-sapxom"
"UDP",2681,"mpnjsomb"
"UDP",2682,"SRSP"
"UDP",2683,"NCDLoadBalance"
"UDP",2684,"mpnjsosv"
"UDP",2685,"mpnjsocl"
"UDP",2686,"mpnjsomg"
"UDP",2687,"pq-lic-mgmt"
"UDP",2688,"md-cf-HTTP"
"UDP",2689,"FastLynx"
"UDP",2690,"HP NNM Embedded Database"
"UDP",2691,"IT Internet"
"UDP",2692,"Admins LMS"
"UDP",2693,"belarc-HTTP"
"UDP",2694,"pwrsevent"
"UDP",2695,"VSPREAD"
"UDP",2696,"Unify Admin"
"UDP",2697,"Oce SNMP Trap Port"
"UDP",2698,"MCK-IVPIP"
"UDP",2699,"Csoft Plus Client"
"UDP",2700,"tqdata"
"UDP",2701,"SMS Remote Control (control)"
"UDP",2702,"SMS Remote Control (data)"
"UDP",2703,"SMS Remote Control (chat)"
"UDP",2704,"SMS Remote File Transfer"
"UDP",2705,"SDS Admin"
"UDP",2706,"NCD Mirroring"
"UDP",2707,"EMCSYMAPIPORT"
"UDP",2708,"Banyan-Net"
"UDP",2709,"Supermon"
"UDP",2710,"SSO Service"
"UDP",2711,"SSO Control"
"UDP",2712,"Axapta Object Communication Protocol"
"UDP",2713,"Raven1"
"UDP",2714,"unified-technologies.com"
"UDP",2715,"HPSTGMGR2"
"UDP",2716,"Inova IP Disco"
"UDP",2717,"PN REQUESTER"
"UDP",2718,"PN REQUESTER 2"
"UDP",2719,"Scan & Change"
"UDP",2720,"wkars"
"UDP",2721,"Smart Diagnose"
"UDP",2722,"Proactive Server"
"UDP",2723,"WatchDog NT"
"UDP",2724,"qotps"
"UDP",2725,"MSOLAP PTP2"
"UDP",2726,"TAMS"
"UDP",2727,"Media Gateway Control Protocol Call Agent"
"UDP",2728,"SQDR"
"UDP",2729,"TCIM Control"
"UDP",2730,"NEC RaidPlus"
"UDP",2731,"NetDragon Messanger"
"UDP",2732,"G5M"
"UDP",2733,"Signet CTF"
"UDP",2734,"CCS Software"
"UDP",2735,"Monitor Console"
"UDP",2736,"RADWIZ NMS SRV"
"UDP",2737,"SRP Feedback"
"UDP",2738,"NDL TCP-OSI Gateway"
"UDP",2739,"TN Timing"
"UDP",2740,"Alarm"
"UDP",2741,"TSB"
"UDP",2742,"TSB2"
"UDP",2743,"murx"
"UDP",2744,"honyaku"
"UDP",2745,"URBISNET"
"UDP",2746,"CPUDPENCAP"
"UDP",2747,"yk.fujitsu.co.jp"
"UDP",2748,"yk.fujitsu.co.jp"
"UDP",2749,"yk.fujitsu.co.jp"
"UDP",2750,"yk.fujitsu.co.jp"
"UDP",2751,"yk.fujitsu.co.jp"
"UDP",2752,"RSISYS ACCESS"
"UDP",2753,"de-spot"
"UDP",2754,"APOLLO CC"
"UDP",2755,"Express Pay"
"UDP",2756,"simplement-tie"
"UDP",2757,"CNRP"
"UDP",2758,"APOLLO Status"
"UDP",2759,"APOLLO GMS"
"UDP",2760,"Saba MS"
"UDP",2761,"DICOM ISCL"
"UDP",2762,"DICOM TLS"
"UDP",2763,"Desktop DNA"
"UDP",2764,"Data Insurance"
"UDP",2765,"qip-audup"
"UDP",2766,"Compaq SCP"
"UDP",2767,"UADTC"
"UDP",2768,"UACS"
"UDP",2769,"Single Point MVS"
"UDP",2770,"Veronica"
"UDP",2771,"Vergence CM"
"UDP",2772,"auris"
"UDP",2773,"PC Backup"
"UDP",2774,"PC Backup"
"UDP",2775,"SMMP"
"UDP",2776,"Ridgeway Systems & Software"
"UDP",2777,"Ridgeway Systems & Software"
"UDP",2778,"Gwen-Sonya"
"UDP",2779,"LBC Sync"
"UDP",2780,"LBC Control"
"UDP",2781,"whosells"
"UDP",2782,"everydayrc"
"UDP",2783,"AISES"
"UDP",2784,"world wide web - development"
"UDP",2785,"aic-np"
"UDP",2786,"aic-oncrpc - Destiny MCD database"
"UDP",2787,"piccolo - Cornerstone Software"
"UDP",2788,"NetWare Loadable Module - Seagate Software"
"UDP",2789,"Media Agent"
"UDP",2790,"PLG Proxy"
"UDP",2791,"MT Port Registrator"
"UDP",2792,"f5-globalsite"
"UDP",2793,"initlsmsad"
"UDP",2794,"aaftp"
"UDP",2795,"LiveStats"
"UDP",2796,"ac-tech"
"UDP",2797,"esp-encap"
"UDP",2798,"TMESIS-UPShot"
"UDP",2799,"ICON Discover"
"UDP",2800,"ACC RAID"
"UDP",2801,"IGCP"
"UDP",2802,"Veritas UDP1"
"UDP",2803,"btprjctrl"
"UDP",2804,"Telexis VTU"
"UDP",2805,"WTA WSP-S"
"UDP",2806,"cspuni"
"UDP",2807,"cspmulti"
"UDP",2808,"J-LAN-P"
"UDP",2809,"CORBA LOC"
"UDP",2810,"Active Net Steward"
"UDP",2811,"GSI FTP"
"UDP",2812,"atmtcp"
"UDP",2813,"llm-pass"
"UDP",2814,"llm-csv"
"UDP",2815,"LBC Measurement"
"UDP",2816,"LBC Watchdog"
"UDP",2817,"NMSig Port"
"UDP",2818,"rmlnk"
"UDP",2819,"FC Fault Notification"
"UDP",2820,"UniVision"
"UDP",2821,"vml_dms"
"UDP",2822,"ka0wuc"
"UDP",2823,"CQG Net/LAN"
"UDP",2826,"slc systemlog"
"UDP",2827,"slc ctrlrloops"
"UDP",2828,"ITM License Manager"
"UDP",2829,"silkp1"
"UDP",2830,"silkp2"
"UDP",2831,"silkp3"
"UDP",2832,"silkp4"
"UDP",2833,"glishd"
"UDP",2834,"EVTP"
"UDP",2835,"EVTP-DATA"
"UDP",2836,"catalyst"
"UDP",2837,"Repliweb"
"UDP",2838,"Starbot"
"UDP",2839,"NMSigPort"
"UDP",2840,"l3-exprt"
"UDP",2841,"l3-ranger"
"UDP",2842,"l3-hawk"
"UDP",2843,"PDnet"
"UDP",2844,"BPCP POLL"
"UDP",2845,"BPCP TRAP"
"UDP",2846,"AIMPP Hello"
"UDP",2847,"AIMPP Port Req"
"UDP",2848,"AMT-BLC-PORT"
"UDP",2849,"FXP"
"UDP",2850,"MetaConsole"
"UDP",2851,"webemshttp"
"UDP",2852,"bears-01"
"UDP",2853,"ISPipes"
"UDP",2854,"InfoMover"
"UDP",2856,"cesdinv"
"UDP",2857,"SimCtIP"
"UDP",2858,"ECNP"
"UDP",2859,"Active Memory"
"UDP",2860,"Dialpad Voice 1"
"UDP",2861,"Dialpad Voice 2"
"UDP",2862,"TTG Protocol"
"UDP",2863,"Sonar Data"
"UDP",2864,"main 5001 cmd"
"UDP",2865,"pit-vpn"
"UDP",2866,"lwlistener"
"UDP",2867,"esps-portal"
"UDP",2868,"NPEP Messaging"
"UDP",2869,"ICSLAP"
"UDP",2870,"daishi"
"UDP",2871,"MSI Select Play"
"UDP",2872,"CONTRACT"
"UDP",2873,"PASPAR2 ZoomIn"
"UDP",2874,"dxmessagebase1"
"UDP",2875,"dxmessagebase2"
"UDP",2876,"SPS Tunnel"
"UDP",2877,"BLUELANCE"
"UDP",2878,"AAP"
"UDP",2879,"ucentric-ds"
"UDP",2880,"synapse"
"UDP",2881,"NDSP"
"UDP",2882,"NDTP"
"UDP",2883,"NDNP"
"UDP",2884,"Flash Msg"
"UDP",2885,"TopFlow"
"UDP",2886,"RESPONSELOGIC"
"UDP",2887,"aironet"
"UDP",2888,"SPCSDLOBBY"
"UDP",2889,"RSOM"
"UDP",2890,"CSPCLMULTI"
"UDP",2891,"CINEGRFX-ELMD License Manager"
"UDP",2892,"SNIFFERDATA"
"UDP",2893,"VSECONNECTOR"
"UDP",2894,"ABACUS-REMOTE"
"UDP",2895,"NATUS LINK"
"UDP",2896,"ECOVISIONG6-1"
"UDP",2897,"Citrix RTMP"
"UDP",2898,"APPLIANCE-CFG"
"UDP",2899,"POWERGEMPLUS"
"UDP",2900,"QUICKSUITE"
"UDP",2901,"ALLSTORCNS"
"UDP",2902,"NET ASPI"
"UDP",2903,"SUITCASE"
"UDP",2904,"M2UA"
"UDP",2905,"M3UA"
"UDP",2906,"CALLER9"
"UDP",2907,"WEBMETHODS B2B"
"UDP",2908,"mao"
"UDP",2909,"Funk Dialout"
"UDP",2910,"TDAccess"
"UDP",2911,"Blockade"
"UDP",2912,"Epicon"
"UDP",2913,"Booster Ware"
"UDP",2914,"Game Lobby"
"UDP",2915,"TK Socket"
"UDP",2916,"Elvin Server"
"UDP",2917,"Elvin Client"
"UDP",2918,"Kasten Chase Pad"
"UDP",2919,"ROBOER"
"UDP",2920,"ROBOEDA"
"UDP",2921,"CESD Contents Delivery Management"
"UDP",2922,"CESD Contents Delivery Data Transfer"
"UDP",2923,"WTA-WSP-WTP-S"
"UDP",2924,"PRECISE-VIP"
"UDP",2925,"Firewall Redundancy Protocol"
"UDP",2926,"MOBILE-FILE-DL"
"UDP",2927,"UNIMOBILECTRL"
"UDP",2928,"REDSONTE-CPSS"
"UDP",2929,"PANJA-WEBADMIN"
"UDP",2930,"PANJA-WEBLINX"
"UDP",2931,"Circle-X"
"UDP",2932,"INCP"
"UDP",2933,"4-TIER OPM GW"
"UDP",2934,"4-TIER OPM CLI"
"UDP",2935,"QTP"
"UDP",2936,"OTPatch"
"UDP",2937,"PNACONSULT-LM"
"UDP",2938,"SM-PAS-1"
"UDP",2939,"SM-PAS-2"
"UDP",2940,"SM-PAS-3"
"UDP",2941,"SM-PAS-4"
"UDP",2942,"SM-PAS-5"
"UDP",2943,"TTNRepository"
"UDP",2944,"Megaco H-248"
"UDP",2945,"H248 Binary"
"UDP",2946,"FJSVmpor"
"UDP",2947,"GPSD"
"UDP",2948,"WAP PUSH"
"UDP",2949,"WAP PUSH SECURE"
"UDP",2950,"ESIP"
"UDP",2951,"OTTP"
"UDP",2952,"MPFWSAS"
"UDP",2953,"OVALARMSRV"
"UDP",2954,"OVALARMSRV-CMD"
"UDP",2955,"CSNOTIFY"
"UDP",2956,"OVRIMOSDBMAN"
"UDP",2957,"JAMCT5"
"UDP",2958,"JAMCT6"
"UDP",2959,"RMOPAGT"
"UDP",2960,"DFOXSERVER"
"UDP",2961,"BOLDSOFT-LM"
"UDP",2962,"IPH-POLICY-CLI"
"UDP",2963,"IPH-POLICY-ADM"
"UDP",2964,"BULLANT SRAP"
"UDP",2965,"BULLANT RAP"
"UDP",2966,"IDP-INFOTRIEVE"
"UDP",2967,"SSC-AGENT / Norton Antivirus"
"UDP",2968,"ENPP"
"UDP",2969,"ESSP"
"UDP",2970,"INDEX-NET"
"UDP",2971,"Net Clip"
"UDP",2972,"PMSM Webrctl"
"UDP",2973,"SV Networks"
"UDP",2974,"Signal"
"UDP",2975,"Fujitsu Configuration Management Service"
"UDP",2976,"CNS Server Port"
"UDP",2977,"TTCs Enterprise Test Access Protocol - NS"
"UDP",2978,"TTCs Enterprise Test Access Protocol - DS"
"UDP",2979,"H.263 Video Streaming"
"UDP",2980,"Instant Messaging Service"
"UDP",2981,"MYLXAMPORT"
"UDP",2982,"IWB-WHITEBOARD"
"UDP",2983,"NETPLAN"
"UDP",2984,"HPIDSADMIN"
"UDP",2985,"HPIDSAGENT"
"UDP",2986,"STONEFALLS"
"UDP",2987,"IDENTIFY"
"UDP",2988,"CLASSIFY"
"UDP",2989,"ZARKOV"
"UDP",2990,"BOSCAP"
"UDP",2991,"WKSTN-MON"
"UDP",2992,"ITB301"
"UDP",2993,"VERITAS VIS1"
"UDP",2994,"VERITAS VIS2"
"UDP",2995,"IDRS"
"UDP",2996,"vsixml"
"UDP",2997,"REBOL"
"UDP",2998,"Real Secure"
"UDP",2999,"RemoteWare Unassigned"
"UDP",3000,"RemoteWare Client"
"UDP",3001,"Redwood Broker"
"UDP",3002,"RemoteWare Server"
"UDP",3003,"CGMS"
"UDP",3004,"Csoft Agent"
"UDP",3005,"Genius License Manager"
"UDP",3006,"Instant Internet Admin"
"UDP",3007,"Lotus Mail Tracking Agent Protocol"
"UDP",3008,"Midnight Technologies"
"UDP",3009,"PXC-NTFY"
"UDP",3010,"Telerate Workstation"
"UDP",3011,"Trusted Web"
"UDP",3012,"Trusted Web Client"
"UDP",3013,"Gilat Sky Surfer"
"UDP",3014,"Broker Service"
"UDP",3015,"NATI DSTP"
"UDP",3016,"Notify Server"
"UDP",3017,"Event Listener"
"UDP",3018,"Service Registry"
"UDP",3019,"Resource Manager"
"UDP",3020,"CIFS"
"UDP",3021,"AGRI Server"
"UDP",3022,"CSREGAGENT"
"UDP",3023,"magicnotes"
"UDP",3024,"NDS_SSO"
"UDP",3025,"Arepa Raft"
"UDP",3026,"AGRI Gateway"
"UDP",3027,"LiebDevMgmt_C"
"UDP",3028,"LiebDevMgmt_DM"
"UDP",3029,"LiebDevMgmt_A"
"UDP",3030,"Arepa Cas"
"UDP",3031,"AgentVU"
"UDP",3032,"Redwood Chat"
"UDP",3033,"PDB"
"UDP",3034,"Osmosis AEEA"
"UDP",3035,"FJSV gssagt"
"UDP",3036,"Hagel DUMP"
"UDP",3037,"HP SAN Mgmt"
"UDP",3038,"Santak UPS"
"UDP",3039,"Cogitate Inc."
"UDP",3040,"Tomato Springs"
"UDP",3041,"di-traceware"
"UDP",3042,"journee"
"UDP",3043,"BRP"
"UDP",3045,"ResponseNet"
"UDP",3046,"di-ase"
"UDP",3047,"Fast Security HL Server"
"UDP",3048,"Sierra Net PC Trader"
"UDP",3049,"NSWS"
"UDP",3050,"gds_db"
"UDP",3051,"Galaxy Server"
"UDP",3052,"APCPCNS"
"UDP",3053,"dsom-server"
"UDP",3054,"AMT CNF PROT"
"UDP",3055,"Policy Server"
"UDP",3056,"CDL Server"
"UDP",3057,"GoAhead FldUp"
"UDP",3058,"videobeans"
"UDP",3059,"earlhaig.com"
"UDP",3060,"interserver"
"UDP",3061,"cautcpd"
"UDP",3062,"ncacn-ip-tcp"
"UDP",3063,"ncadg-ip-udp"
"UDP",3065,"slinterbase"
"UDP",3066,"NETATTACHSDMP"
"UDP",3067,"FJHPJP"
"UDP",3068,"ls3 Broadcast"
"UDP",3069,"ls3"
"UDP",3070,"MGXSWITCH"
"UDP",3075,"Orbix 2000 Locator"
"UDP",3076,"Orbix 2000 Config"
"UDP",3077,"Orbix 2000 Locator SSL"
"UDP",3078,"Orbix 2000 Locator SSL"
"UDP",3079,"LV Front Panel"
"UDP",3080,"stm_pproc"
"UDP",3081,"TL1-LV"
"UDP",3082,"TL1-RAW"
"UDP",3083,"TL1-TELNET"
"UDP",3084,"ITM-MCCS"
"UDP",3085,"PCIHReq"
"UDP",3086,"JDL-DBKitchen"
"UDP",3105,"Cardbox"
"UDP",3106,"Cardbox HTTP"
"UDP",3130,"ICPv2"
"UDP",3131,"Net Book Mark"
"UDP",3141,"VMODEM"
"UDP",3142,"RDC WH EOS"
"UDP",3143,"Sea View"
"UDP",3144,"Tarantella"
"UDP",3145,"CSI-LFAP"
"UDP",3147,"RFIO"
"UDP",3148,"NetMike Game Administrator"
"UDP",3149,"NetMike Game Server"
"UDP",3150,"NetMike Assessor Administrator / Deep Throat (Windows Trojan) / Deep Throat 2 (Windows Trojan)"
"UDP",3151,"NetMike Assessor"
"UDP",3180,"Millicent Broker Server"
"UDP",3181,"BMC Patrol Agent"
"UDP",3182,"BMC Patrol Rendezvous"
"UDP",3262,"NECP"
"UDP",3264,"cc:mail/lotus"
"UDP",3265,"Altav Tunnel"
"UDP",3266,"NS CFG Server"
"UDP",3267,"IBM Dial Out"
"UDP",3268,"Microsoft Global Catalog"
"UDP",3269,"Microsoft Global Catalog with LDAP/SSL"
"UDP",3270,"Verismart"
"UDP",3271,"CSoft Prev Port"
"UDP",3272,"Fujitsu User Manager"
"UDP",3273,"Simple Extensible Multiplexed Protocol"
"UDP",3274,"Ordinox Server"
"UDP",3275,"SAMD"
"UDP",3276,"Maxim ASICs"
"UDP",3277,"AWG Proxy"
"UDP",3278,"LKCM Server"
"UDP",3279,"admind"
"UDP",3280,"VS Server"
"UDP",3281,"SYSOPT"
"UDP",3282,"Datusorb"
"UDP",3283,"Net Assistant"
"UDP",3284,"4Talk"
"UDP",3285,"Plato"
"UDP",3286,"E-Net"
"UDP",3287,"DIRECTVDATA"
"UDP",3288,"COPS"
"UDP",3289,"ENPC"
"UDP",3290,"CAPS LOGISTICS TOOLKIT - LM"
"UDP",3291,"S A Holditch & Associates - LM"
"UDP",3292,"Cart O Rama"
"UDP",3293,"fg-fps"
"UDP",3294,"fg-gip"
"UDP",3295,"Dynamic IP Lookup"
"UDP",3296,"Rib License Manager"
"UDP",3297,"Cytel License Manager"
"UDP",3298,"Transview"
"UDP",3299,"pdrncs"
"UDP",3301,"Unathorised use by SAP R/3"
"UDP",3302,"MCS Fastmail"
"UDP",3303,"OP Session Client"
"UDP",3304,"OP Session Server"
"UDP",3305,"ODETTE-FTP"
"UDP",3306,"MySQL"
"UDP",3307,"OP Session Proxy"
"UDP",3308,"TNS Server"
"UDP",3309,"TND ADV"
"UDP",3310,"Dyna Access"
"UDP",3311,"MCNS Tel Ret"
"UDP",3312,"Application Management Server"
"UDP",3313,"Unify Object Broker"
"UDP",3314,"Unify Object Host"
"UDP",3315,"CDID"
"UDP",3316,"AICC/CMI"
"UDP",3317,"VSAI PORT"
"UDP",3318,"Swith to Swith Routing Information Protocol"
"UDP",3319,"SDT License Manager"
"UDP",3320,"Office Link 2000"
"UDP",3321,"VNSSTR"
"UDP",3325,"isi.edu"
"UDP",3326,"SFTU"
"UDP",3327,"BBARS"
"UDP",3328,"Eaglepoint License Manager"
"UDP",3329,"HP Device Disc"
"UDP",3330,"MCS Calypso ICF"
"UDP",3331,"MCS Messaging"
"UDP",3332,"MCS Mail Server"
"UDP",3333,"DEC Notes"
"UDP",3334,"Direct TV Webcasting"
"UDP",3335,"Direct TV Software Updates"
"UDP",3336,"Direct TV Tickers"
"UDP",3337,"Direct TV Data Catalog"
"UDP",3338,"OMF data b"
"UDP",3339,"OMF data l"
"UDP",3340,"OMF data m"
"UDP",3341,"OMF data h"
"UDP",3342,"WebTIE"
"UDP",3343,"MS Cluster Net"
"UDP",3344,"BNT Manager"
"UDP",3345,"Influence"
"UDP",3346,"Trnsprnt Proxy"
"UDP",3347,"Phoenix RPC"
"UDP",3348,"Pangolin Laser"
"UDP",3349,"Chevin Services"
"UDP",3350,"FINDVIATV"
"UDP",3351,"BTRIEVE"
"UDP",3352,"SSQL"
"UDP",3353,"FATPIPE"
"UDP",3354,"SUITJD"
"UDP",3355,"Ordinox Dbase"
"UDP",3356,"UPNOTIFYPS"
"UDP",3357,"Adtech Test IP"
"UDP",3358,"Mp Sys Rmsvr"
"UDP",3359,"WG NetForce"
"UDP",3360,"KV Server"
"UDP",3361,"KV Agent"
"UDP",3362,"DJ ILM"
"UDP",3363,"NATI Vi Server"
"UDP",3364,"Creative Server"
"UDP",3365,"Content Server"
"UDP",3366,"Creative Partner"
"UDP",3371,"ccm.jf.intel.com"
"UDP",3372,"TIP 2"
"UDP",3373,"Lavenir License Manager"
"UDP",3374,"Cluster Disc"
"UDP",3375,"VSNM Agent"
"UDP",3376,"CD Broker"
"UDP",3377,"Cogsys Network License Manager"
"UDP",3378,"WSICOPY"
"UDP",3379,"SOCORFS"
"UDP",3380,"SNS Channels"
"UDP",3381,"Geneous"
"UDP",3382,"Fujitsu Network Enhanced Antitheft function"
"UDP",3383,"Enterprise Software Products License Manager"
"UDP",3384,"Hardware Management"
"UDP",3385,"qnxnetman"
"UDP",3386,"GPRS SIG"
"UDP",3387,"Back Room Net"
"UDP",3388,"CB Server"
"UDP",3389,"MS WBT Server"
"UDP",3390,"Distributed Service Coordinator"
"UDP",3391,"SAVANT"
"UDP",3392,"EFI License Management"
"UDP",3393,"D2K Tapestry Client to Server"
"UDP",3394,"D2K Tapestry Server to Server"
"UDP",3395,"Dyna License Manager (Elam)"
"UDP",3396,"Printer Agent"
"UDP",3397,"Cloanto License Manager"
"UDP",3398,"Mercantile"
"UDP",3399,"CSMS"
"UDP",3400,"CSMS2"
"UDP",3401,"filecast"
"UDP",3421,"Bull Apprise portmapper"
"UDP",3454,"Apple Remote Access Protocol um.cc.umich.edu"
"UDP",3455,"RSVP Port"
"UDP",3456,"Microsoft IIS Server ATQ Backlog Monitor/ VAT default data"
"UDP",3457,"VAT default control"
"UDP",3458,"DsWinOSFI"
"UDP",3459,"TIP Integral"
"UDP",3460,"EDM Manger"
"UDP",3461,"EDM Stager"
"UDP",3462,"EDM STD Notify"
"UDP",3463,"EDM ADM Notify"
"UDP",3464,"EDM MGR Sync"
"UDP",3465,"EDM MGR Cntrl"
"UDP",3466,"WORKFLOW"
"UDP",3467,"RCST"
"UDP",3468,"TTCM Remote Controll"
"UDP",3469,"Pluribus"
"UDP",3470,"jt400"
"UDP",3471,"jt400-ssl"
"UDP",3527,"Microsoft Message Queuing Ping"
"UDP",3535,"MS-LA"
"UDP",3563,"Watcom Debug"
"UDP",3572,"harlequin.co.uk"
"UDP",3672,"harlequinorb"
"UDP",3802,"VHD"
"UDP",3845,"V-ONE Single Port Proxy"
"UDP",3862,"GIGA-POCKET"
"UDP",3875,"PNBSCADA"
"UDP",3900,"Unidata UDT OS"
"UDP",3984,"MAPPER network node manager"
"UDP",3985,"MAPPER TCP/IP server"
"UDP",3986,"MAPPER workstation server"
"UDP",3987,"Centerline"
"UDP",4000,"Terabase"
"UDP",4001,"NewOak"
"UDP",4002,"pxc-spvr-ft"
"UDP",4003,"pxc-splr-ft"
"UDP",4004,"pxc-roid"
"UDP",4005,"pxc-pin"
"UDP",4006,"pxc-spvr"
"UDP",4007,"pxc-splr"
"UDP",4008,"NetCheque accounting"
"UDP",4009,"Chimera HWM"
"UDP",4010,"Samsung Unidex"
"UDP",4011,"BINLSVC / Alternate Service Boot"
"UDP",4012,"PDA Gate"
"UDP",4013,"ACL Manager"
"UDP",4014,"TAICLOCK"
"UDP",4015,"Talarian Mcast"
"UDP",4016,"Talarian Mcast"
"UDP",4017,"Talarian Mcast"
"UDP",4018,"Talarian Mcast"
"UDP",4019,"Talarian Mcast"
"UDP",4045,"NFS lock daemon/manager"
"UDP",4096,"BRE (Bridge Relay Element)"
"UDP",4097,"Patrol View"
"UDP",4098,"drmsfsd"
"UDP",4099,"DPCP"
"UDP",4132,"NUTS Daemon"
"UDP",4133,"NUTS Bootp Server"
"UDP",4134,"NIFTY-Serve HMI protocol"
"UDP",4141,"Workflow Server"
"UDP",4142,"Document Server"
"UDP",4143,"Document Replication"
"UDP",4144,"Compuserve pc windows (unoffically)"
"UDP",4156,"Slapper.C"
"UDP",4160,"Jini Discovery"
"UDP",4199,"EIMS ADMIN"
"UDP",4299,"earth.path.net"
"UDP",4300,"Corel CCam"
"UDP",4321,"Remote Who Is"
"UDP",4343,"UNICALL"
"UDP",4344,"VinaInstall"
"UDP",4345,"Macro 4 Network AS"
"UDP",4346,"ELAN LM"
"UDP",4347,"LAN Surveyor"
"UDP",4348,"ITOSE"
"UDP",4349,"File System Port Map"
"UDP",4350,"Net Device"
"UDP",4351,"PLCY Net Services"
"UDP",4353,"F5 iQuery"
"UDP",4442,"Saris"
"UDP",4443,"Pharos"
"UDP",4444,"NV Video default"
"UDP",4445,"UPNOTIFYP"
"UDP",4446,"N1-FWP"
"UDP",4447,"N1-RMGMT"
"UDP",4448,"ASC Licence Manager"
"UDP",4449,"PrivateWire"
"UDP",4450,"Camp"
"UDP",4451,"CTI System Msg"
"UDP",4452,"CTI Program Load"
"UDP",4453,"NSS Alert Manager"
"UDP",4454,"NSS Agent Manager"
"UDP",4455,"PR Chat User"
"UDP",4456,"PR Chat Server"
"UDP",4457,"PR Register"
"UDP",4500,"sae-urn / LSASS / NAT-T"
"UDP",4501,"urn-x-cdchoice"
"UDP",4545,"WorldScores"
"UDP",4546,"SF License Manager (Sentinel)"
"UDP",4547,"Lanner License Manager"
"UDP",4567,"TRAM"
"UDP",4568,"BMC Reporting"
"UDP",4600,"Piranha1"
"UDP",4601,"Piranha2"
"UDP",4665,"eDonkey"
"UDP",4672,"remote file access server"
"UDP",4800,"Icona Instant Messenging System"
"UDP",4801,"Icona Web Embedded Chat"
"UDP",4802,"Icona License System Server"
"UDP",4827,"HTCP"
"UDP",4837,"Varadero-0"
"UDP",4838,"Varadero-1"
"UDP",4839,"Varadero-2"
"UDP",4868,"Photon Relay"
"UDP",4869,"Photon Relay Debug"
"UDP",4885,"ABBS"
"UDP",4983,"AT&T Intercom"
"UDP",5000,"filmaker.com"
"UDP",5001,"filmaker.com"
"UDP",5002,"radio free ethernet"
"UDP",5003,"FileMaker Inc. - Proprietary name binding"
"UDP",5004,"WMServer RTP / avt-profile-1"
"UDP",5005,"WMServer RTCP / avt-profile-2"
"UDP",5006,"wsm server"
"UDP",5007,"wsm server ssl"
"UDP",5010,"TelepathStart"
"UDP",5011,"TelepathAttack"
"UDP",5020,"zenginkyo-1"
"UDP",5021,"zenginkyo-2"
"UDP",5042,"asnaacceler8db"
"UDP",5050,"multimedia conference control tool"
"UDP",5051,"ITA Agent"
"UDP",5052,"ITA Manager"
"UDP",5055,"UNOT"
"UDP",5060,"SIP"
"UDP",5069,"I/Net 2000-NPR"
"UDP",5071,"PowerSchool"
"UDP",5093,"Sentinel LM"
"UDP",5099,"SentLM Srv2Srv"
"UDP",5145,"RMONITOR SECURE"
"UDP",5150,"Ascend Tunnel Management Protocol"
"UDP",5151,"ESRI SDE Remote Start"
"UDP",5152,"ESRI SDE Instance Discovery"
"UDP",5165,"ife_1corp"
"UDP",5190,"America-Online"
"UDP",5191,"AmericaOnline1"
"UDP",5192,"AmericaOnline2"
"UDP",5193,"AmericaOnline3"
"UDP",5200,"Targus AIB 1"
"UDP",5201,"Targus AIB 2"
"UDP",5202,"Targus TNTS 1"
"UDP",5203,"Targus TNTS 2"
"UDP",5236,"padl2sim"
"UDP",5272,"PK"
"UDP",5300,"HA cluster heartbeat"
"UDP",5301,"HA cluster general services"
"UDP",5302,"HA cluster configuration"
"UDP",5303,"HA cluster probing"
"UDP",5304,"HA Cluster Commands hp.com"
"UDP",5305,"HA Cluster Test hp.com"
"UDP",5306,"Sun MC Group"
"UDP",5307,"SCO AIP"
"UDP",5308,"CFengine"
"UDP",5309,"J Printer"
"UDP",5310,"Outlaws"
"UDP",5311,"TM Login"
"UDP",5400,"Excerpt Search"
"UDP",5401,"Excerpt Search Secure"
"UDP",5402,"MFTP"
"UDP",5403,"HPOMS-CI-LSTN"
"UDP",5404,"HPOMS-DPS-LSTN"
"UDP",5405,"NetSupport"
"UDP",5406,"Systemics Sox"
"UDP",5407,"Foresyte-Clear"
"UDP",5408,"Foresyte-Sec"
"UDP",5409,"Salient Data Server"
"UDP",5410,"Salient User Manager"
"UDP",5411,"ActNet"
"UDP",5412,"Continuus"
"UDP",5413,"WWIOTALK"
"UDP",5414,"StatusD"
"UDP",5415,"NS Server"
"UDP",5416,"SNS Gateway"
"UDP",5417,"SNS Agent"
"UDP",5418,"MCNTP"
"UDP",5419,"DJ-ICE"
"UDP",5420,"Cylink-C"
"UDP",5421,"Net Support 2"
"UDP",5422,"Salient MUX"
"UDP",5423,"VIRTUALUSER"
"UDP",5426,"DEVBASIC"
"UDP",5427,"SCO-PEER-TTA"
"UDP",5428,"TELACONSOLE"
"UDP",5429,"Billing and Accounting System Exchange"
"UDP",5430,"RADEC CORP"
"UDP",5431,"PARK AGENT"
"UDP",5435,"Data Tunneling Transceiver Linking (DTTL)"
"UDP",5454,"apc-tcp-udp-4"
"UDP",5455,"apc-tcp-udp-5"
"UDP",5456,"apc-tcp-udp-6"
"UDP",5461,"SILKMETER"
"UDP",5462,"TTL Publisher"
"UDP",5465,"NETOPS-BROKER"
"UDP",5500,"fcp-addr-srvr1"
"UDP",5501,"fcp-addr-srvr2"
"UDP",5502,"fcp-srvr-inst1"
"UDP",5503,"fcp-srvr-inst2"
"UDP",5504,"fcp-cics-gw1"
"UDP",5540,"ACE/Server Services"
"UDP",5554,"SGI ESP HTTP"
"UDP",5555,"Personal Agent"
"UDP",5599,"Enterprise Security Remote Install"
"UDP",5600,"Enterprise Security Manager"
"UDP",5601,"Enterprise Security Agent"
"UDP",5602,"A1-MSC"
"UDP",5603,"A1-BS"
"UDP",5604,"A3-SDUNode"
"UDP",5605,"A4-SDUNode"
"UDP",5631,"pcANYWHEREdata"
"UDP",5632,"pcANYWHEREstat"
"UDP",5678,"Remote Replication Agent Connection"
"UDP",5679,"Direct Cable Connect Manager"
"UDP",5713,"proshare conf audio"
"UDP",5714,"proshare conf video"
"UDP",5715,"proshare conf data"
"UDP",5716,"proshare conf request"
"UDP",5717,"proshare conf notify"
"UDP",5729,"Openmail User Agent Layer"
"UDP",5741,"IDA Discover Port 1"
"UDP",5742,"IDA Discover Port 2"
"UDP",5745,"fcopy-server"
"UDP",5746,"fcopys-server"
"UDP",5755,"OpenMail Desk Gateway server"
"UDP",5757,"OpenMail X.500 Directory Server"
"UDP",5766,"OpenMail NewMail Server"
"UDP",5767,"OpenMail Suer Agent Layer (Secure)"
"UDP",5768,"OpenMail CMTS Server"
"UDP",5771,"NetAgent"
"UDP",5813,"ICMPD"
"UDP",5859,"WHEREHOO"
"UDP",5968,"mppolicy-v5"
"UDP",5969,"mppolicy-mgr"
"UDP",5999,"CVSup"
"UDP",6063,"X Windows System mit.edu"
"UDP",6064,"NDL-AHP-SVC"
"UDP",6065,"WinPharaoh"
"UDP",6066,"EWCTSP"
"UDP",6067,"SRB"
"UDP",6068,"GSMP"
"UDP",6069,"TRIP"
"UDP",6070,"Messageasap"
"UDP",6071,"SSDTP"
"UDP",6072,"DIAGNOSE-PROC"
"UDP",6073,"DirectPlay8"
"UDP",6100,"SynchroNet-db"
"UDP",6101,"SynchroNet-rtc"
"UDP",6102,"SynchroNet-upd"
"UDP",6103,"RETS"
"UDP",6104,"DBDB"
"UDP",6105,"Prima Server"
"UDP",6106,"MPS Server"
"UDP",6107,"ETC Control"
"UDP",6108,"Sercomm-SCAdmin"
"UDP",6109,"GLOBECAST-ID"
"UDP",6110,"HP SoftBench CM"
"UDP",6111,"HP SoftBench Sub-Process Control"
"UDP",6112,"dtspcd"
"UDP",6123,"Backup Express"
"UDP",6141,"Meta Corporation License Manager"
"UDP",6142,"Aspen Technology License Manager"
"UDP",6143,"Watershed License Manager"
"UDP",6144,"StatSci License Manager - 1"
"UDP",6145,"StatSci License Manager - 2"
"UDP",6146,"Lone Wolf Systems License Manager"
"UDP",6147,"Montage License Manager"
"UDP",6148,"Ricardo North America License Manager"
"UDP",6149,"tal-pod"
"UDP",6253,"CRIP"
"UDP",6321,"Empress Software Connectivity Server 1"
"UDP",6322,"Empress Software Connectivity Server 2"
"UDP",6389,"clariion-evr01"
"UDP",6400,"saegatesoftware.com"
"UDP",6401,"saegatesoftware.com"
"UDP",6402,"saegatesoftware.com"
"UDP",6403,"saegatesoftware.com"
"UDP",6404,"saegatesoftware.com"
"UDP",6405,"saegatesoftware.com"
"UDP",6406,"saegatesoftware.com"
"UDP",6407,"saegatesoftware.com"
"UDP",6408,"saegatesoftware.com"
"UDP",6409,"saegatesoftware.com"
"UDP",6410,"saegatesoftware.com"
"UDP",6455,"osmosys.incog.com"
"UDP",6456,"osmosys.incog.com"
"UDP",6471,"LVision License Manager"
"UDP",6500,"BoKS Master"
"UDP",6501,"BoKS Servc"
"UDP",6502,"BoKS Servm"
"UDP",6503,"BoKS Clntd"
"UDP",6505,"BoKS Admin Private Port"
"UDP",6506,"BoKS Admin Public Port"
"UDP",6507,"BoKS Dir Server Private Port"
"UDP",6508,"BoKS Dir Server Public Port"
"UDP",6547,"apc-tcp-udp-1"
"UDP",6548,"apc-tcp-udp-2"
"UDP",6549,"apc-tcp-udp-3"
"UDP",6550,"fg-sysupdate"
"UDP",6558,"xdsxdm"
"UDP",6669,"Internet Relay Chat acrux.com"
"UDP",6670,"Vocaltec Global Online Directory"
"UDP",6672,"vision_server"
"UDP",6673,"vision_elmd"
"UDP",6699,"Napster"
"UDP",6700,"Napster"
"UDP",6701,"KTI/ICAD Nameserver"
"UDP",6702,"Carracho (client)"
"UDP",6767,"BMC PERFORM AGENT"
"UDP",6768,"BMC PERFORM MGRD"
"UDP",6790,"HNMP"
"UDP",6831,"ambit-lm"
"UDP",6838,"DDOS communication UDP"
"UDP",6841,"Netmo Default"
"UDP",6842,"Netmo HTTP"
"UDP",6850,"ICCRUSHMORE"
"UDP",6888,"MUSE"
"UDP",6961,"JMACT3"
"UDP",6962,"jmevt2"
"UDP",6963,"swismgr1"
"UDP",6964,"swismgr2"
"UDP",6965,"swistrap"
"UDP",6966,"swispol"
"UDP",6969,"acmsoda"
"UDP",6998,"IATP-highPri"
"UDP",6999,"IATP-normalPri"
"UDP",7000,"file server itself"
"UDP",7001,"callbacks to cache managers"
"UDP",7002,"users & groups database"
"UDP",7003,"volume location database"
"UDP",7004,"AFS/Kerberos authentication service"
"UDP",7005,"volume managment server"
"UDP",7006,"error interpretation service"
"UDP",7007,"basic overseer process"
"UDP",7008,"server-to-server updater"
"UDP",7009,"remote cache manager service"
"UDP",7010,"onlinet uninterruptable power supplies"
"UDP",7011,"Talon Discovery Port"
"UDP",7012,"Talon Engine"
"UDP",7013,"Microtalon Discovery"
"UDP",7014,"Microtalon Communications"
"UDP",7015,"Talon Webserver"
"UDP",7020,"DP Serve"
"UDP",7021,"DP Serve Admin"
"UDP",7070,"ARCP"
"UDP",7099,"lazy-ptop"
"UDP",7100,"X Font Service"
"UDP",7121,"Virtual Prototypes License Manager"
"UDP",7141,"vnet.ibm.com"
"UDP",7170,"Audio (inclusive) for incoming traffic only"
"UDP",7174,"Clutild"
"UDP",7200,"FODMS FLIP"
"UDP",7201,"DLIP"
"UDP",7390,"The Swiss Exchange swx.ch"
"UDP",7395,"winqedit"
"UDP",7426,"OpenView DM Postmaster Manager"
"UDP",7427,"OpenView DM Event Agent Manager"
"UDP",7428,"OpenView DM Log Agent Manager"
"UDP",7429,"OpenView DM rqt communication"
"UDP",7430,"OpenView DM xmpv7 api pipe"
"UDP",7431,"OpenView DM ovc/xmpv3 api pipe"
"UDP",7437,"Faximum"
"UDP",7491,"telops-lmd"
"UDP",7511,"pafec-lm"
"UDP",7544,"FlowAnalyzer DisplayServer"
"UDP",7545,"FlowAnalyzer UtilityServer"
"UDP",7566,"VSI Omega"
"UDP",7570,"Aries Kfinder"
"UDP",7588,"Sun License Manager"
"UDP",7597,"TROJAN WORM"
"UDP",7633,"PMDF Management"
"UDP",7640,"CUSeeMe"
"UDP",7648,"CUCME live video/audio server"
"UDP",7649,"CUCME live video/audio server"
"UDP",7650,"CUCME live video/audio server"
"UDP",7651,"CUCME live video/audio server"
"UDP",7777,"cbt"
"UDP",7778,"Interwise"
"UDP",7781,"accu-lmgr"
"UDP",7786,"MINIVEND"
"UDP",7932,"Tier 2 Data Resource Manager"
"UDP",7933,"Tier 2 Business Rules Manager"
"UDP",7967,"Supercell"
"UDP",7979,"Micromuse-ncps"
"UDP",7980,"Quest Vista"
"UDP",7983,"DDOS communication UDP"
"UDP",7999,"iRDMI2"
"UDP",8000,"iRDMI"
"UDP",8001,"VCOM Tunnel"
"UDP",8002,"Teradata ORDBMS"
"UDP",8008,"HTTP Alternate"
"UDP",8032,"ProEd"
"UDP",8033,"MindPrint"
"UDP",8080,"HTTP"
"UDP",8082,"BlackICE Capture"
"UDP",8099,"TestTrack Pro Client"
"UDP",8130,"INDIGO-VRMI"
"UDP",8131,"INDIGO-VBCP"
"UDP",8160,"Patrol"
"UDP",8161,"Patrol SNMP"
"UDP",8200,"TRIVNET"
"UDP",8201,"TRIVNET"
"UDP",8204,"LM Perfworks"
"UDP",8205,"LM Instmgr"
"UDP",8206,"LM Dta"
"UDP",8207,"LM SServer"
"UDP",8208,"LM Webwatcher"
"UDP",8351,"Server Find"
"UDP",8376,"Cruise ENUM"
"UDP",8377,"Cruise SWROUTE"
"UDP",8378,"Cruise CONFIG"
"UDP",8379,"Cruise DIAGS"
"UDP",8380,"Cruise UPDATE"
"UDP",8400,"cvd"
"UDP",8401,"sabarsd"
"UDP",8402,"abarsd"
"UDP",8403,"admind"
"UDP",8450,"npmp"
"UDP",8473,"Virtual Point to Point"
"UDP",8554,"RTSP Alternate (see port 554)"
"UDP",8733,"iBus"
"UDP",8763,"MC-APPSERVER"
"UDP",8764,"OPENQUEUE"
"UDP",8765,"Ultraseek HTTP"
"UDP",8804,"truecm"
"UDP",8880,"CDDBP"
"UDP",8888,"NewsEDGE server UDP (UDP 1)"
"UDP",8889,"NewsEDGE server broadcast"
"UDP",8890,"NewsEDGE client broadcast"
"UDP",8891,"Desktop Data UDP 3: NESS application"
"UDP",8892,"Desktop Data UDP 4: FARM product"
"UDP",8893,"Desktop Data UDP 5: NewsEDGE/Web application"
"UDP",8894,"Desktop Data UDP 6: COAL application"
"UDP",8900,"JMB-CDS 1"
"UDP",8901,"JMB-CDS 2"
"UDP",9000,"CSlistener"
"UDP",9090,"WebSM"
"UDP",9160,"NetLOCK1"
"UDP",9161,"NetLOCK2"
"UDP",9162,"NetLOCK3"
"UDP",9163,"NetLOCK4"
"UDP",9164,"NetLOCK5"
"UDP",9200,"WAP connectionless session service"
"UDP",9201,"WAP session service"
"UDP",9202,"WAP secure connectionless session service"
"UDP",9203,"WAP secure session service"
"UDP",9204,"WAP vCard"
"UDP",9205,"WAP vCal"
"UDP",9206,"WAP vCard Secure"
"UDP",9207,"WAP vCal Secure"
"UDP",9321,"guibase"
"UDP",9325,"DDOS communication UDP"
"UDP",9343,"MpIdcMgr"
"UDP",9344,"Mphlpdmc"
"UDP",9374,"fjdmimgr"
"UDP",9396,"fjinvmgr"
"UDP",9397,"MpIdcAgt"
"UDP",9500,"ismserver"
"UDP",9535,"Remote man server"
"UDP",9594,"Message System"
"UDP",9595,"Ping Discovery Service"
"UDP",9600,"MICROMUSE-NCPW"
"UDP",9753,"rasadv"
"UDP",9876,"Session Director"
"UDP",9888,"CYBORG Systems"
"UDP",9898,"MonkeyCom"
"UDP",9899,"SCTP TUNNELING"
"UDP",9900,"IUA"
"UDP",9909,"domaintime"
"UDP",9950,"APCPCPLUSWIN1"
"UDP",9951,"APCPCPLUSWIN2"
"UDP",9952,"APCPCPLUSWIN3"
"UDP",9992,"Palace"
"UDP",9993,"Palace"
"UDP",9994,"Palace"
"UDP",9995,"Palace"
"UDP",9996,"Palace"
"UDP",9997,"Palace"
"UDP",9998,"Distinct32"
"UDP",9999,"distinct"
"UDP",10000,"Network Data Management Protocol"
"UDP",10001,"rscsl"
"UDP",10002,"rscs2"
"UDP",10003,"rscs3"
"UDP",10004,"rscs4"
"UDP",10005,"rscs5"
"UDP",10006,"rscs6"
"UDP",10007,"MVS Capacity"
"UDP",10008,"rscs8"
"UDP",10009,"rscs9"
"UDP",10010,"rscsa"
"UDP",10011,"rscsb"
"UDP",10012,"qmaster"
"UDP",10067,"Portal of Doom remote access backdoor"
"UDP",10080,"Amanda"
"UDP",10113,"NetIQ Endpoint"
"UDP",10114,"NetIQ Qcheck"
"UDP",10115,"Ganymede Endpoint"
"UDP",10128,"BMC-PERFORM-SERVICE DAEMON"
"UDP",10167,"Portal of Doom remote access backdoor"
"UDP",10288,"Blocks"
"UDP",10498,"DDOS Communication UDP"
"UDP",11000,"IRISA"
"UDP",11001,"Metasys"
"UDP",11111,"Viral Computing Environment (VCE)"
"UDP",11367,"ATM UHAS"
"UDP",11487,"Dell OpenManage Client Instrumentation"
"UDP",11720,"h323 Call Signal Alternate"
"UDP",12000,"IBM Enterprise Extender SNA XID Exchange"
"UDP",12001,"IBM Enterprise Extender SNA COS Network Priority"
"UDP",12002,"IBM Enterprise Extender SNA COS High Priority"
"UDP",12003,"IBM Enterprise Extender SNA COS Medium Priority"
"UDP",12004,"IBM Enterprise Extender SNA COS Low Priority"
"UDP",12172,"HiveP"
"UDP",12753,"tsaf port"
"UDP",13160,"I-ZIPQD"
"UDP",13223,"PowWow Client"
"UDP",13224,"PowWow Server"
"UDP",13720,"BPRD Protocol (VERITAS NetBackup)"
"UDP",13721,"BPBRM Protocol (VERITAS NetBackup)"
"UDP",13722,"BP Java MSVC Protocol"
"UDP",13782,"VERITAS NetBackup"
"UDP",13783,"VOPIED Protocol"
"UDP",13818,"DSMCC Config"
"UDP",13819,"DSMCC Session Messages"
"UDP",13820,"DSMCC Pass-Thru Messages"
"UDP",13821,"DSMCC Download Protocol"
"UDP",13822,"DSMCC Channel Change Protocol"
"UDP",14001,"ITU SCCP (SS7)"
"UDP",14238,"Palm Network Hotsync"
"UDP",16360,"netserialext1"
"UDP",16361,"netserialext2"
"UDP",16367,"netserialext3"
"UDP",16368,"netserialext4"
"UDP",16991,"INTEL-RCI-MP"
"UDP",17007,"isode-dua"
"UDP",17219,"Chipper"
"UDP",18000,"Beckman Instruments Inc."
"UDP",18181,"OPSEC CVP"
"UDP",18182,"OPSEC UFP"
"UDP",18183,"OPSEC SAM"
"UDP",18184,"OPSEC LEA"
"UDP",18185,"OPSEC OMI"
"UDP",18187,"OPSEC ELA"
"UDP",18463,"AC Cluster"
"UDP",18753,"Shaft distributed attack tool handler agent"
"UDP",18888,"APCNECMP"
"UDP",19283,"Key Server for SASSAFRAS"
"UDP",19315,"Key Shadow for SASSAFRAS"
"UDP",19410,"hp-sco"
"UDP",19411,"hp-sca"
"UDP",19412,"HP-SESSMON"
"UDP",19541,"JCP Client"
"UDP",20000,"DNP"
"UDP",20432,"Shaft distributed attack agent"
"UDP",20670,"Track"
"UDP",20999,"AT Hand MMP"
"UDP",21590,"VoFR Gateway"
"UDP",21845,"webphone"
"UDP",21846,"NetSpeak Corp. Directory Services"
"UDP",21847,"NetSpeak Corp. Connection Services"
"UDP",21848,"NetSpeak Corp. Automatic Call Distribution"
"UDP",21849,"NetSpeak Corp. Credit Processing System"
"UDP",22000,"SNAPenetIO"
"UDP",22001,"OptoControl"
"UDP",22273,"wnn6"
"UDP",22555,"Vocaltec Internet Phone"
"UDP",22800,"Telerate Information Platform LAN"
"UDP",22951,"Telerate Information Platform WAN"
"UDP",24000,"med-ltp"
"UDP",24001,"med-fsp-rx"
"UDP",24002,"med-fsp-tx"
"UDP",24003,"med-supp"
"UDP",24004,"med-ovw"
"UDP",24005,"med-ci"
"UDP",24006,"med-net-svc"
"UDP",24386,"Intel RCI"
"UDP",24554,"BINKP"
"UDP",25000,"icl-twobase1"
"UDP",25001,"icl-twobase2"
"UDP",25002,"icl-twobase3"
"UDP",25003,"icl-twobase4"
"UDP",25004,"icl-twobase5"
"UDP",25005,"icl-twobase6"
"UDP",25006,"icl-twobase7"
"UDP",25007,"icl-twobase8"
"UDP",25008,"icl-twobase9"
"UDP",25009,"icl-twobase10"
"UDP",25793,"Vocaltec Address Server"
"UDP",26000,"quake"
"UDP",26208,"wnn6-ds"
"UDP",27010,"Half-Life Server Master"
"UDP",27011,"Half-Life Mod Master"
"UDP",27374,"Linux.Ramen.Worm (RedHat Linux)"
"UDP",27444,"Trinoo distributed attack tool Master"
"UDP",27999,"Attribute Certificate Services"
"UDP",31335,"Trinoo distributed attack tool Bcast Daemon registration port"
"UDP",31337,"Back Orifice (Windows Trojan)"
"UDP",31338,"Deep Back Orifice (Windows Trojan)"
"UDP",31789,"Hack-A-Tack Remote Access Trojan (Windows Trojan)"
"UDP",31791,"Hack-A-Tack Remote Access Trojan (Windows Trojan)"
"UDP",32768,"Filenet TMS"
"UDP",32769,"Filenet RPC"
"UDP",32770,"Filenet NCH"
"UDP",32780,"RPC"
"UDP",33270,"Trinity v3 distributed attack tool"
"UDP",33434,"traceroute use"
"UDP",34555,"Trinoo distributed attack tool Handler"
"UDP",36865,"KastenX Pipe"
"UDP",40841,"CSCP"
"UDP",43981,"Netware IP"
"UDP",44333,"Kerio WinRoute Firewall Administration"
"UDP",44334,"Kerio Personal Firewall Administration"
"UDP",44337,"Kerio MailServer Administration"
"UDP",44818,"Rockwell Encapsulation"
"UDP",45678,"EBA PRISE"
"UDP",45966,"SSRServerMgr"
"UDP",47557,"Databeam Corporation"
"UDP",47624,"Direct Play Server"
"UDP",47806,"ALC Protocol"
"UDP",47808,"Building Automation and Control Networks"
"UDP",48000,"Nimbus Controller"
"UDP",48001,"Nimbus Spooler"
"UDP",48002,"Nimbus Hub"
"UDP",48003,"Nimbus Gateway"
"UDP",54321,"Orifice 2000 (UDP)"